Open,High,Low
6.3447,6.379,6.2681
6.3218,6.3721,6.2116
6.2941,6.3139,6.1561
6.1915,6.4773,6.1689
6.2848,6.4207,6.138
6.3979,6.515,6.3802
6.5008,6.5192,6.2454
6.3624,6.4251,6.2696
6.3031,6.3509,6.1807
6.2179,6.3088,6.154
6.2347,6.3202,6.1929
6.283,6.3162,6.1214
6.2043,6.2277,6.121
6.1444,6.2774,6.0803
6.2697,6.315,6.1652
6.1776,6.2379,6.1305
6.1953,6.2731,6.1514
6.253,6.3475,6.2428
6.2958,6.3321,6.2067
6.2311,6.2396,6.0991
6.1432,6.1712,6.0439
6.0668,6.131,5.9898
6.0139,6.0581,5.9373
5.9623,5.9734,5.8883
5.9261,6.092,5.875
6.0251,6.0996,5.995
6.056,6.123,6.0125
6.0953,6.1647,6.0345
6.0653,6.0697,5.9801
6.063,6.1571,5.9439
6.1053,6.2443,6.1023
6.2332,6.2843,6.2141
6.2633,6.3235,6.2107
6.308,6.3259,6.2139
6.2587,6.2756,6.0983
6.2064,6.3136,6.1906
6.2993,6.3102,6.1845
6.2902,6.3842,6.2855
6.3724,6.3764,6.2783
6.2963,6.3848,6.2372
6.3457,6.4257,6.3441
6.4053,6.4191,6.3288
6.3634,6.4896,6.3437
6.463,6.5668,6.4556
6.5387,6.6106,6.4791
6.6029,6.6066,6.5127
6.5862,6.6957,6.55
6.6588,6.7888,6.6584
6.7396,6.9109,6.7135
6.8969,6.9418,6.8701
6.9099,6.9544,6.8359
6.9368,7.0459,6.9006
7.0197,7.0271,6.8771
6.9065,6.9275,6.6814
6.7375,6.7764,6.6503
6.7117,6.7564,6.6295
6.6873,6.8808,6.6049
6.7236,6.8648,6.6733
6.6983,6.9113,6.6974
6.7874,6.8145,6.6825
6.7599,6.802,6.6322
6.6637,6.7086,6.61
6.6475,6.6887,6.5698
6.6664,6.7357,6.6358
6.7084,6.7492,6.6098
6.6423,6.7336,6.6156
6.7106,6.883,6.6903
6.8611,6.8948,6.8278
6.8631,6.9076,6.7751
6.7817,6.8483,6.7714
6.788,6.7966,6.7029
6.7176,6.7488,6.6258
6.6408,6.7094,6.6126
6.6955,6.7121,6.5701
6.5868,6.6761,6.5432
6.6558,6.6839,6.2885
6.3025,6.5788,6.2582
6.5238,6.5986,6.3348
6.5895,6.6517,6.4015
6.6209,6.6534,6.5549
6.612,6.7051,6.3987
6.4453,6.7304,6.4233
6.6771,6.7519,6.6365
6.6501,6.7793,6.6265
6.757,6.8686,6.7339
6.7686,6.8185,6.4249
6.4277,6.6882,6.4231
6.6156,6.7002,6.3919
6.4059,6.7765,6.397
6.7475,6.77,6.6191
6.6661,6.8118,6.4614
6.7657,6.8363,6.7183
6.799,6.8881,6.7644
6.8766,6.9071,6.5768
6.6314,6.9452,6.6143
6.9132,6.9813,6.8308
6.9606,7.0269,6.7955
6.871,6.9269,6.7688
6.8103,6.8932,6.5638
6.5754,6.9297,6.5747
6.629,6.8826,6.629
6.8209,6.8283,6.7436
6.7613,6.7996,6.7343
6.7696,6.9082,6.7552
6.9077,6.9434,6.8608
6.9331,6.9905,6.9261
6.9787,7.0506,6.9291
6.9299,6.9555,6.6216
6.8956,6.9515,6.86
6.8935,7.0214,6.8288
6.9085,6.9619,6.8537
6.9101,6.9823,6.8262
6.9311,7.031,6.7648
7.0156,7.0763,6.7629
6.7835,7.0407,6.7688
6.9737,6.986,6.6604
6.6609,7.0142,6.6457
6.7359,7.0906,6.7224
7.038,7.0675,6.7558
6.9001,6.9661,6.6359
6.9214,6.9346,6.5473
6.5571,6.9004,6.5366
6.845,6.9848,6.5645
6.962,6.989,6.6704
6.9324,7.0537,6.614
7.0281,7.1671,6.7443
6.8461,7.2636,6.8422
7.2338,7.2747,6.9353
7.1658,7.249,6.884
7.1342,7.2611,6.9621
7.2505,7.3245,6.9339
7.2515,7.2668,6.9642
7.2384,7.2896,6.8455
7.0998,7.2347,6.8428
7.1228,7.2001,6.8234
6.8227,7.2245,6.8227
7.1533,7.1716,6.8147
6.8281,7.0712,6.8223
6.9869,7.0471,6.7054
6.7266,7.0867,6.7201
6.7546,7.142,6.7479
7.093,7.1507,6.8169
7.0595,7.2001,7.0459
7.1792,7.1902,6.9038
7.1599,7.1828,6.8263
6.8277,7.1227,6.7943
7.0873,7.1047,6.7238
7.0711,7.1059,6.7804
6.7837,7.0812,6.7337
6.7881,7.0316,6.6881
6.6933,7.0364,6.6415
7.0147,7.0415,6.7115
7.0317,7.0426,6.6636
6.7211,6.9829,6.6498
6.9461,6.9475,6.5635
6.5691,6.9318,6.5679
6.879,6.9356,6.5203
6.5294,6.8606,6.5103
6.5978,6.8313,6.5078
6.7526,6.8205,6.5175
6.519,6.7507,6.432
6.4245,6.7101,6.4245
6.4345,6.6637,6.3867
6.3943,6.6742,6.3634
6.6175,6.6218,6.3332
6.3332,6.596,6.3179
6.32,6.6378,6.3171
6.5813,6.6599,6.3268
6.639,6.6879,6.378
6.3944,6.6769,6.2518
6.5633,6.6075,6.2992
6.591,6.6186,6.5357
6.5632,6.6755,6.4162
6.427,6.7099,6.4096
6.7004,6.7342,6.4407
6.7272,6.8055,6.6945
6.7541,6.8682,6.52
6.8619,6.9236,6.6489
6.6541,7.0166,6.6498
6.6776,6.9893,6.6146
6.8843,7.0351,6.6854
7.0219,7.0836,6.9419
7.0778,7.1971,6.9359
7.0632,7.2355,7.0523
7.1964,7.2267,6.9572
7.1152,7.1588,6.97
6.9785,7.2419,6.9683
7.1405,7.2493,7.0859
7.0864,7.2629,7.0822
7.0837,7.2551,7.0493
7.2059,7.2968,7.0036
7.0993,7.1877,6.9471
7.1236,7.2275,7.0314
7.1726,7.2135,6.984
6.997,7.2164,6.9865
7.0268,7.2035,7.0164
7.1406,7.1849,6.9472
7.1267,7.2919,7.0572
7.2685,7.5423,7.267
7.3497,7.5418,7.3333
7.5213,7.6506,7.3963
7.6318,7.7151,7.574
7.6989,7.7786,7.5824
7.5841,7.7835,7.5753
7.7648,7.9772,7.7549
7.8027,8.1953,7.7053
7.8305,7.8432,7.5086
7.5924,7.6314,7.3301
7.4605,7.5018,7.2936
7.4043,7.4088,7.2189
7.2194,7.3741,7.1428
7.2286,7.4192,7.2041
7.3997,7.472,7.3131
7.4209,7.4562,7.1079
7.2718,7.2814,6.982
7.1053,7.1343,6.9419
6.9407,7.1858,6.9407
7.1251,7.2506,7.0995
7.2238,7.2378,7.0202
7.163,7.2193,6.9824
6.9869,7.1169,6.9069
7.0371,7.3092,7.0371
7.0885,7.2756,7.0654
7.145,7.2221,6.9651
7.0967,7.2135,6.765
6.8722,6.9484,6.74
6.8294,6.9883,6.8048
6.9538,6.9842,6.7451
6.7579,6.9906,6.7484
6.848,6.983,6.7818
6.9146,6.9473,6.8141
6.837,6.9792,6.821
6.8205,7.0125,6.7851
6.9875,7.0735,6.8717
7.0167,7.0488,6.8314
6.9639,6.973,6.5832
6.7622,6.8135,6.55
6.5538,6.7903,6.5421
6.6498,6.8155,6.6458
6.7619,6.7971,6.6134
6.725,6.7865,6.6068
6.6072,6.8244,6.5994
6.6501,6.8094,6.6382
6.6771,6.7004,6.5418
null,null,null
null,null,null
null,null,null
6.4994,6.5606,6.312
6.4086,6.4687,6.256
6.4108,6.4629,6.1893
6.197,6.5191,6.1667
6.2716,6.6302,6.2311
6.4966,6.6077,6.2238
6.4052,6.411,5.7073
5.7657,6.0171,5.6318
5.6313,5.8,5.2369
5.2271,5.7164,5.1923
5.4993,5.9418,5.4975
5.7254,5.835,5.4345
5.5705,5.6161,5.2221
5.328,5.6144,5.2164
5.4184,5.569,5.1937
5.3506,5.6095,5.3367
5.4492,5.7405,5.3382
5.5211,5.6974,5.4566
5.5657,5.7223,5.4456
5.5218,5.7959,5.5133
5.7422,5.7602,5.362
5.458,5.5071,5.3462
5.4902,5.6773,5.3534
5.4693,5.5747,5.398
5.5452,5.685,5.4094
5.5263,5.5495,5.3651
5.4026,5.5144,5.3468
5.3634,5.3915,5.2085
5.3072,5.3995,5.2263
5.2297,5.5752,5.2144
5.4804,5.594,5.4726
5.5076,5.5415,5.3662
5.5238,5.5836,5.4642
5.5473,5.6851,5.4818
5.6143,5.655,5.4501
5.6455,5.7356,5.5423
5.6247,5.8936,5.6158
5.7067,5.93,5.6896
5.7009,6.0856,5.6988
6.0603,6.2492,5.9266
6.2528,6.3132,6.0608
6.0748,6.2307,6.0403
6.1177,6.1232,5.8601
6.0415,6.0446,5.7701
5.9034,5.9595,5.7839
5.8771,5.9069,5.7426
5.8511,6.1315,5.8364
6.1546,6.3133,6.1523
6.2935,6.3334,6.2509
6.3938,6.3983,6.2852
6.2677,6.2756,6.1892
6.1626,6.3059,6.1572
6.3383,6.3405,6.1393
6.2324,6.2676,6.1354
6.3179,6.3252,6.3117
6.2818,6.3816,6.2132
6.1936,6.3781,6.1334
6.2851,6.3691,6.1455
6.3588,6.5351,6.3588
6.5738,6.6435,6.4472
6.6171,6.6197,6.4779
6.4832,6.4896,6.1971
6.2202,6.4294,6.2109
6.3314,6.5343,6.326
6.4565,6.5359,6.3494
6.3743,6.5185,6.2582
6.2772,6.5477,6.2654
6.456,6.5027,6.3671
6.3803,6.4688,6.3457
6.3593,6.5077,6.3543
6.3916,6.5754,6.3548
6.4225,6.6199,6.4088
6.5746,6.6713,6.4978
6.5041,6.6482,6.4217
6.4454,6.4663,6.2845
6.299,6.4597,6.2761
6.3432,6.4989,6.3342
6.4892,6.55,6.3671
6.3689,6.567,6.3142
6.3272,6.6396,6.3245
6.4787,6.7077,6.455
6.691,6.7666,6.6274
6.7092,6.7469,6.4645
6.4739,6.8025,6.4739
6.7977,6.8788,6.6925
6.7057,6.8503,6.5932
6.5931,6.8587,6.5921
6.8217,6.832,6.5516
6.5668,6.7355,6.4148
6.4875,6.7619,6.4759
6.5872,6.6514,6.2563
6.4253,6.5382,6.2682
6.5065,6.5884,6.4237
6.4343,6.6219,6.3887
6.56,6.67,6.5145
6.6515,6.6866,6.3403
6.5102,6.5761,6.1768
6.1987,6.5622,6.1925
6.5426,6.5794,6.2852
6.2908,6.5438,6.2848
6.4112,6.5951,6.3921
6.5674,6.6847,6.5674
6.5666,6.6108,6.4495
6.5061,6.6314,6.4441
6.4439,6.4954,6.3161
6.472,6.5226,6.3656
6.5247,6.5842,6.4555
6.5466,6.5847,6.4822
6.4975,6.5628,6.4408
6.5267,6.5365,6.4483
6.5328,6.6296,6.498
6.5594,6.6536,6.4479
6.5595,6.5727,6.397
6.4585,6.5567,6.4389
6.5269,6.6458,6.4913
6.6292,6.6927,6.5313
6.5583,6.592,6.4667
6.4731,6.5967,6.4713
6.529,6.645,6.4655
6.6061,6.6303,6.5429
6.5912,6.6661,6.544
6.5552,6.5913,6.4242
6.4276,6.6259,6.4136
6.5876,6.68,6.5573
6.6909,6.694,6.511
6.5129,6.68,6.4283
6.5892,6.6274,6.5564
6.5649,6.6532,6.5561
6.626,6.6534,6.5769
6.6634,6.6925,6.6324
6.6364,6.7049,6.5903
6.7224,6.7707,6.7054
6.7476,6.7841,6.7007
6.704,6.7582,6.5897
6.6706,6.7358,6.653
6.6955,6.7947,6.5842
6.7852,6.8519,6.7424
6.814,6.8459,6.7482
6.8109,6.877,6.712
6.8177,6.8623,6.7077
6.8591,6.8868,6.6821
6.7963,6.8183,6.684
6.7283,6.7312,6.5168
6.6827,6.6919,6.5552
6.6284,6.7039,6.4982
6.6003,6.6644,6.5025
6.5306,6.7139,6.5264
6.6036,6.6871,6.554
6.5399,6.7274,6.3883
6.7218,6.7511,6.6677
6.732,6.7957,6.5885
6.1425,6.8421,6.0957
6.6541,6.839,6.631
6.7464,6.7718,6.5258
6.4617,6.5675,6.4059
6.3038,6.5348,6.2877
6.4574,6.519,6.2971
6.4872,6.5541,6.475
6.4828,6.491,6.3958
6.4254,6.4926,6.3672
6.5302,6.5414,6.1589
6.1976,6.2832,6.0925
6.1103,6.2191,5.8382
6.0212,6.3006,6.0071
6.3021,6.3424,6.1471
6.3288,6.4184,6.2262
6.4039,6.4312,6.1902
6.2084,6.27,6.1763
6.2751,6.2778,6.1657
6.166,6.1727,6.0472
6.0925,6.2961,6.0412
6.2322,6.3228,6.1946
6.239,6.242,6.0757
6.1046,6.2191,6.089
6.1916,6.2302,6.0668
6.1589,6.2376,6.1346
6.1487,6.2244,6.1159
6.1664,6.2676,6.1616
6.2555,6.345,6.1035
6.3097,6.3345,6.2655
6.3278,6.344,6.2657
6.2746,6.333,6.1483
6.3064,6.3544,6.2753
6.2827,6.3925,6.2303
6.3657,6.3833,6.279
6.3654,6.4071,6.351
6.3684,6.3965,6.1399
6.1488,6.3658,6.1464
6.3066,6.3644,6.2033
6.3125,6.3427,6.1959
6.2135,6.3802,6.2108
6.3522,6.437906,6.2487
6.429,6.4323,6.2028
6.245,6.3485,6.2349
6.2983,6.3191,6.18
6.1935,6.2209,6.0123
6.0324,6.2101,5.9105
6.1116,6.2227,5.9752
5.9891,6.2325,5.9891
6.0383,6.2538,6.0329
6.2051,6.2466,6.0448
6.0484,6.2859,6.0484
6.1353,6.2919,6.0754
6.1085,6.3237,6.1055
6.2942,6.3539,6.1933
6.1955,6.3777,6.14
6.1361,6.4109,6.1361
6.2478,6.446,6.2396
6.4262,6.4485,6.2495
6.2534,6.4471,6.2494
6.43,6.487,6.2565
6.2695,6.5494,6.2683
6.4975,6.5076,6.2319
6.4491,6.4563,6.2598
6.2838,6.4467,6.2524
6.2696,6.445,6.2454
6.3957,6.4109,6.1526
6.2811,6.3127,6.0805
6.0848,6.2744,6.0833
6.266,6.3384,6.077
6.0834,6.2312,6.0652
6.0667,6.2729,6.0603
6.0825,6.279,6.0825
6.1147,6.3266,6.1003
6.3154,6.3458,6.1415
6.3208,6.335,6.1542
6.2615,6.2957,6.0824
6.0919,6.333,6.0838
6.1304,6.3275,6.1074
6.1118,6.3196,6.0962
6.1296,6.2743,6.009
6.0079,6.2418,6.0054
6.0962,6.2669,6.0806
6.0815,6.2281,6.025
6.0324,6.2007,5.9308
5.9402,6.0936,5.9246
6.0511,6.0655,5.9435
5.951,6.0937,5.9365
6.0002,6.1527,5.8819
5.8925,6.1185,5.8773
5.9578,6.1439,5.9053
5.9115,6.1394,5.9092
6.1019,6.1072,5.8718
5.8865,6.0638,5.8796
6.0517,6.1266,5.9536
5.9531,6.1256,5.9246
5.9287,6.0872,5.8324
5.9635,5.9832,5.7993
5.8017,5.952,5.7603
5.7718,6.0167,5.7599
5.8748,6.0405,5.8642
5.869,6.0398,5.7595
5.854,5.892,5.7041
5.7151,5.8445,5.6607
5.6762,5.9308,5.6762
5.9012,5.9185,5.7598
5.9125,5.9702,5.8138
5.9587,5.9714,5.7146
5.7216,5.9542,5.714
5.9449,5.9537,5.7739
5.9104,5.9261,5.6777
5.816,5.8363,5.6714
5.8041,5.8889,5.6985
5.8742,5.9661,5.7597
5.7559,6.0074,5.7556
5.9319,5.9503,5.7881
5.9381,5.9495,5.8109
5.9295,5.9378,5.7812
5.7678,5.9255,5.7658
5.7866,5.924,5.6807
5.8181,5.8508,5.7187
5.723,5.8607,5.6912
5.6974,5.8301,5.6717
5.6794,5.8443,5.6769
5.7722,5.7845,5.7275
5.73,5.7348,5.6792
5.6983,5.7446,5.5935
5.726,5.7366,5.6481
5.6957,5.7295,5.5501
5.6555,5.707,5.5686
5.6824,5.6987,5.5204
5.5388,5.5554,5.405
5.4099,5.5284,5.3453
5.4572,5.476,5.3376
5.3399,5.52,5.3366
5.4937,5.5375,5.4566
5.5188,5.5613,5.3909
5.4752,5.5614,5.4639
5.5611,5.5795,5.5142
5.516,5.5511,5.3861
5.5303,5.6094,5.4967
5.5412,5.642,5.5015
5.6117,5.6621,5.5967
5.6535,5.7038,5.6347
5.6742,5.6773,5.6292
5.6549,5.6746,5.6365
5.6598,5.7325,5.6529
5.6953,5.792,5.6744
5.7061,5.7357,5.6958
5.7289,5.7464,5.6903
5.73,5.7707,5.729
5.7572,5.7572,5.6993
5.7068,5.7363,5.6925
5.7133,5.7838,5.7113
5.7857,5.826,5.7841
5.8251,5.8375,5.7774
5.8197,5.8313,5.7617
5.7779,5.7885,5.7242
5.7428,5.7819,5.7149
5.7208,5.7239,5.6049
5.6508,5.6585,5.5823
5.6075,5.6533,5.5709
5.6089,5.6436,5.5825
5.6213,5.6738,5.5782
5.6464,5.663,5.6035
5.6337,5.6388,5.4843
5.495,5.6317,5.4887
5.588,5.6012,5.4813
5.5028,5.5375,5.4376
5.4747,5.5258,5.4414
5.4714,5.4714,5.3644
5.4211,5.4578,5.3931
5.4235,5.4855,5.3889
5.4438,5.464,5.3254
5.3732,5.4232,5.3539
5.3702,5.4651,5.3643
5.4539,5.464,5.3326
5.3377,5.4276,5.3353
5.3623,5.4237,5.3176
5.3397,5.3737,5.2979
5.3534,5.3669,5.3287
5.3502,5.3571,5.2106
5.2779,5.2893,5.2164
5.2186,5.2322,5.1377
5.1815,5.1996,4.9898
5.0229,5.0342,4.8797
4.9103,5.0361,4.7915
4.9822,5.02,4.9115
4.9981,5.0529,4.9724
4.9829,5.0461,4.9349
5.0138,5.0433,4.9548
4.9613,4.9764,4.8737
4.8807,4.9762,4.8045
4.9218,4.9963,4.918
4.9244,4.934,4.8439
4.9099,4.9934,4.8803
4.9295,5.1173,4.8188
5.0681,5.1115,5.0336
5.0875,5.1807,5.0717
5.105,5.1833,5.0944
5.133,5.1984,5.1054
5.1584,5.1644,5.0296
5.0439,5.0451,4.9367
4.9852,4.9991,4.9204
4.9764,5.0774,4.923
5.0532,5.1129,5.0144
5.047,5.0745,4.9878
5.1047,5.1079,4.9043
4.967,4.968,4.8524
4.8972,4.9004,4.7697
4.7749,4.7995,4.7018
4.7562,4.8121,4.7164
4.7306,4.7497,4.6014
4.7177,4.9597,4.7023
4.8802,4.9068,4.8254
4.8285,4.8697,4.7286
4.8083,4.8476,4.7608
4.7758,4.8404,4.74
4.8021,4.8832,4.7408
4.8157,4.8283,4.7329
4.7723,4.816,4.7004
4.8138,4.911,4.8132
4.8656,4.9359,4.8083
4.9049,4.9221,4.8027
4.8142,4.8338,4.7638
4.8189,4.8511,4.7653
4.7743,4.809,4.7459
4.8114,4.8129,4.7459
4.7585,4.8058,4.7378
4.7441,4.8106,4.7371
4.7354,4.7778,4.6358
4.6467,4.7197,4.6084
4.6412,4.6814,4.6016
4.6385,4.6845,4.6193
4.6667,4.7071,4.5562
4.5678,4.6865,4.4473
4.4635,4.6537,4.4413
4.6176,4.7052,4.5862
4.694,4.8146,4.6588
4.734,4.7603,4.6834
4.71,4.7712,4.674
4.7273,4.8513,4.6767
4.8314,4.8828,4.8017
4.8577,4.9239,4.8193
4.843,5.0007,4.8292
4.9502,4.9767,4.8716
4.9102,5.0093,4.8686
4.9618,4.9841,4.8809
4.9721,5.0727,4.9191
4.9791,5.14,4.9582
5.1222,5.1829,5.0899
5.1505,5.1866,5.0118
5.0269,5.0925,4.9879
5.0312,5.0691,4.9434
4.9821,5.0707,4.9386
5.0276,5.0778,4.9786
5.0673,5.1824,5.0219
5.1339,5.1569,5.0239
5.0476,5.1747,4.992
5.0201,5.1698,5.0163
5.1127,5.1891,5.0983
5.1219,5.1891,5.0534
5.1446,5.1752,5.048
5.0626,5.0962,5.0116
5.0803,5.1018,5.0054
5.0299,5.1272,5.0218
5.0957,5.1881,5.0936
5.114,5.1909,5.1052
5.1155,5.1422,5.0433
5.1339,5.1996,5.081
5.0856,5.1199,5.0266
5.0476,5.1235,4.9993
5.029,5.1095,4.9984
5.0783,5.0979,4.9923
5.0333,5.1267,5.0226
5.0967,5.1741,5.033
5.0302,5.0869,4.984
4.9969,5.1087,4.9927
5.0743,5.1115,4.9888
5.0478,5.1242,5.0228
5.094,5.1419,5.0681
5.0697,5.1883,5.0543
5.1654,5.6375,5.1302
5.2318,5.2733,5.171
5.1756,5.2028,5.1156
5.1313,5.1793,5.0746
5.1444,5.2458,5.123
5.1783,5.2884,5.1685
5.2222,5.2614,5.0934
5.1586,5.2648,5.0812
5.1756,5.3035,5.166
5.271,5.2727,5.1783
5.2196,5.2667,5.197
5.2318,5.2568,5.1927
5.2245,5.2506,5.1071
5.1464,5.1543,5.0602
5.0618,5.1982,5.0561
5.1707,5.1899,5.1175
5.1114,5.1861,5.0969
5.1562,5.1651,5.092
5.1309,5.2029,5.1226
5.1348,5.1773,5.0099
4.9893,5.132,4.9888
5.0342,5.0522,4.9661
5.0569,5.0666,5.0035
5.0243,5.0895,5.0127
5.0378,5.1348,5.0355
5.0908,5.1024,5.0089
4.9839,5.0583,4.9832
5.0093,5.1556,5.0064
5.1426,5.1728,5.0736
5.0959,5.2312,5.0959
5.1776,5.2838,5.1747
5.2417,5.3535,5.2336
5.3513,5.4008,5.2804
5.3837,5.4233,5.3354
5.3542,5.4003,5.2935
5.316,5.3162,5.1859
5.2499,5.3088,5.1996
5.2657,5.3252,5.2355
5.3112,5.3258,5.2049
5.2829,5.3527,5.239
5.3405,5.3985,5.3299
5.3342,5.3835,5.3162
5.3183,5.3911,5.267
5.2893,5.3381,5.2605
5.2972,5.2972,5.2375
5.2492,5.3169,5.2104
5.2188,5.2572,5.1291
5.1565,5.2049,5.1145
5.1578,5.2406,5.1541
5.2244,5.2347,5.1551
5.1737,5.1978,5.1107
5.1115,5.212,5.0937
5.211,5.2383,5.1015
5.1399,5.1863,5.1197
5.1308,5.176,5.089
5.1643,5.1977,5.1281
5.1521,5.2469,5.1422
5.2112,5.2521,5.1431
5.1768,5.1933,5.1173
5.1074,5.1697,5.1001
5.1229,5.1403,5.066
5.0677,5.0706,4.9752
4.9891,5.0935,4.9774
5.0464,5.0594,4.9489
4.995,5.0037,4.9081
4.92,4.9383,4.8582
4.9346,4.9379,4.82
4.835,4.9278,4.8144
4.877,4.9048,4.8452
4.8617,4.9497,4.8591
4.9292,5.0061,4.9001
4.9543,5.0064,4.9015
4.9056,4.9365,4.8828
4.89,4.9665,4.8849
4.9131,4.9821,4.8872
4.933,4.9906,4.919
4.9252,4.9939,4.9173
4.9024,4.9985,4.8839
4.9304,4.966,4.9016
4.8824,4.9366,4.8683
4.8783,4.8986,4.8289
4.8927,5.037,4.8888
5.0324,5.0836,5.0013
5.0138,5.1064,4.9964
5.0815,5.1608,5.049
5.1454,5.2338,5.081
5.2079,5.2875,5.1847
5.2443,5.2741,5.2037
5.2079,5.2831,5.1841
5.2179,5.2761,5.2068
5.2155,5.2899,5.2153
5.2264,5.2282,5.1421
5.1751,5.2783,5.1551
5.2428,5.3119,5.2076
5.2666,5.3185,5.2259
5.3471,5.3709,5.271
5.2671,5.3512,5.2599
5.3129,5.3502,5.277
5.24,5.3437,5.2377
5.251,5.318,5.244
5.248,5.2988,5.223
5.2714,5.2829,5.2013
5.2049,5.2774,5.1999
5.2107,5.2589,5.1769
5.2124,5.2321,5.0828
5.1459,5.1941,5.1027
5.1532,5.1568,5.0709
5.0726,5.1012,5.0024
5.0429,5.131,4.9907
5.1247,5.1707,5.0911
5.0947,5.1194,5.0554
5.0979,5.1156,5.0482
5.0958,5.1541,5.0404
5.1422,5.1536,5.0259
5.0259,5.1228,5.0245
5.1112,5.1146,5.0526
5.1072,5.1075,5.0405
5.0406,5.0437,4.9508
4.9688,5.0542,4.9641
5.0291,5.0631,4.9512
4.9545,5.0283,4.9521
5.0135,5.0471,4.9853
4.9848,5.051,4.9777
5.0126,5.0431,4.9752
4.9709,5.0281,4.9584
4.9611,5.0265,4.9553
5.0002,5.0983,4.9873
5.0724,5.1405,5.0572
5.0887,5.1659,5.0887
5.0913,5.1417,5.0652
5.0563,5.2062,5.0558
5.2063,5.2284,5.1316
5.1296,5.2151,5.1237
5.1916,5.2553,5.1788
5.2422,5.2688,5.1995
5.2646,5.2818,5.2089
5.2273,5.2786,5.2217
5.233,5.2746,5.1855
5.1905,5.2516,5.1841
5.2488,5.3485,5.2275
5.3338,5.3415,5.2623
5.2999,5.337,5.2358
5.3251,5.4144,5.3231
5.3676,5.4157,5.3588
5.3989,5.4186,5.3122
5.3477,5.3551,5.2904
5.3084,5.3883,5.3025
5.3738,5.4066,5.3074
5.3624,5.3766,5.276
5.326113,5.391334,5.312265
5.393174,5.409619,5.35548
5.399075,5.409829,5.301538
5.348671,5.350968,5.267111
5.281071,5.300106,5.244132
5.255331,5.319118,5.237491
5.286135,5.295057,5.249983
5.246952,5.345493,5.242815
5.302701,5.340622,5.275323
5.29181,5.341249,5.276978
5.320403,5.345776,5.262124
5.340807,5.375645,5.284904
5.353705,5.377048,5.266451
5.261883,5.28073,5.234958
5.241408,5.287004,5.219726
5.26306,5.265213,5.228611
5.233803,5.299055,5.207397
5.25075,5.272031,5.209148
5.263352,5.313437,5.230876
5.298045,5.303693,5.168262
5.196777,5.228369,5.135334
5.036321,5.135194,4.957931
5.05432,5.070804,4.801252
4.902553,5.068421,4.85314
5.047444,5.081892,4.93277
4.971495,5.046279,4.964539
5.03489,5.078788,4.957629
5.033143,5.039682,4.938257
5.012313,5.095352,4.970272
4.985154,5.080115,4.921591
5.074456,5.086938,4.999606
5.031613,5.11315,4.99777
5.08905,5.211218,5.060417
5.165595,5.284794,5.157226
5.264904,5.286184,5.164014
5.190257,5.239603,5.156156
5.185847,5.230776,5.135146
5.166388,5.209936,5.118301
5.208979,5.208979,5.109922
5.104008,5.176375,5.098515
5.139121,5.233855,5.108858
5.224766,5.243575,5.171616
5.202184,5.241243,5.16672
5.201016,5.258527,5.168504
5.233889,5.257255,5.199703
5.242685,5.255031,5.206693
5.236443,5.250268,5.185054
5.228638,5.229635,5.141743
5.180817,5.186383,5.095018
5.119412,5.128545,5.040265
5.09185,5.107368,5.040564
5.099678,5.144856,5.07809
5.096487,5.142713,5.058768
5.076705,5.089203,5.031511
5.084423,5.091938,5.001966
5.002586,5.092325,5.002586
5.06247,5.116748,5.003911
5.022191,5.035182,4.9869
5.004363,5.067774,4.997296
5.05622,5.104247,5.008149
5.104231,5.14265,5.063644
5.090754,5.145354,5.089085
5.082174,5.093925,5.051029
5.052221,5.138651,5.045297
5.111536,5.114801,5.040665
5.074747,5.116874,5.037057
5.049796,5.122314,5.0418
5.052243,5.097341,5.00528
5.023972,5.065117,5.004096
5.063814,5.093651,5.021573
5.084555,5.119791,5.035629
5.103856,5.171399,5.079285
5.071714,5.134112,5.068053
5.107776,5.214911,5.107776
5.155212,5.246968,5.150198
5.172038,5.208497,5.136772
5.150805,5.233475,5.150805
5.223474,5.223474,5.147856
5.178562,5.223943,5.155825
5.211435,5.211713,5.129901
5.155303,5.266703,5.155303
5.26221,5.312487,5.217844
5.260742,5.339127,5.260742
5.280051,5.341699,5.277012
5.309281,5.328619,5.240401
5.246397,5.307379,5.231582
5.244109,5.295804,5.244109
5.236958,5.271471,5.168119
5.159877,5.272784,5.159877
5.235182,5.24574,5.180076
5.195916,5.242073,5.119918
5.157086,5.194631,5.097218
5.087767,5.151484,5.031006
5.104365,5.19286,5.104365
5.158256,5.181312,5.121485
5.127966,5.17721,5.126578
5.116235,5.159654,5.001028
5.080515,5.137454,5.068125
5.086837,5.153888,5.07731
5.11307,5.149911,5.059571
5.067326,5.102127,5.038648
5.046519,5.107085,4.998003
5.084948,5.115536,5.056674
5.088836,5.162113,5.088836
5.142008,5.206435,5.132915
5.175976,5.199011,5.13948
5.141365,5.178136,5.108368
5.169564,5.170593,5.096164
5.091136,5.145403,5.057826
5.07509,5.098854,5.00924
5.016967,5.046014,4.972742
5.026205,5.026205,4.925951
4.94168,5.031545,4.94168
5.008595,5.008595,4.912642
4.937565,4.97291,4.894447
4.940578,5.023947,4.930362
4.983278,5.036403,4.95601
4.988462,5.096868,4.985324
5.060776,5.084159,5.029562
5.015517,5.030378,4.947764
4.955418,5.01874,4.955418
4.988698,5.017223,4.963508
4.979554,4.998003,4.946551
4.946182,4.972331,4.897901
4.979408,5.008906,4.927527
4.999239,4.999239,4.862262
4.963907,5.044164,4.927819
5.049626,5.087626,5.000791
5.093023,5.099175,5.029058
5.047154,5.121691,5.020067
5.014816,5.076028,5.000328
5.043899,5.16736,5.019813
5.045222,5.194271,5.045222
5.138172,5.203667,5.102908
5.123366,5.250114,5.123366
5.212301,5.280532,5.195102
5.210437,5.279434,5.146852
5.246419,5.300252,5.219406
5.2847,5.33073,5.224454
5.249817,5.250284,5.111509
5.121827,5.181973,5.121197
5.142624,5.219489,5.137083
5.160163,5.207162,5.122772
5.13355,5.190518,5.110744
5.182084,5.259165,5.163385
5.223104,5.263939,5.206862
5.238132,5.283995,5.192887
5.204072,5.285934,5.203992
5.252146,5.278919,5.204123
5.212746,5.311185,5.212746
5.249873,5.320281,5.183811
5.259944,5.323188,5.224692
5.269784,5.33979,5.248893
5.245378,5.288517,5.163907
5.299798,5.299798,5.104854
5.14985,5.26109,5.123025
5.163992,5.225496,5.141667
5.169824,5.302758,5.169824
5.299055,5.357288,5.25581
5.329164,5.378206,5.257579
5.320144,5.408093,5.300825
5.36732,5.370925,5.262393
5.293862,5.367764,5.293862
5.339161,5.360725,5.186473
5.213299,5.213299,5.066448
5.076345,5.156729,5.054719
5.09081,5.144411,5.07242
5.09696,5.163082,5.074751
5.094508,5.101975,5.017692
5.079903,5.079903,4.979395
4.975572,5.065831,4.975572
5.049572,5.092986,5.030036
5.055617,5.072213,4.989353
5.050777,5.094882,5.007747
5.060302,5.124674,5.039524
5.093845,5.111371,5.04346
5.104618,5.122379,5.029365
