# COLUMN0,COLUMN1,COLUMN2
6.344699999999999562e+00,6.378999999999999559e+00,6.268099999999999561e+00
6.321799999999999642e+00,6.372099999999999653e+00,6.211599999999999788e+00
6.294100000000000250e+00,6.313900000000000290e+00,6.156100000000000350e+00
6.191499999999999559e+00,6.477299999999999613e+00,6.168899999999999828e+00
6.284799999999999720e+00,6.420700000000000074e+00,6.137999999999999901e+00
6.397899999999999920e+00,6.514999999999999680e+00,6.380200000000000315e+00
6.500799999999999912e+00,6.519199999999999662e+00,6.245400000000000063e+00
6.362400000000000055e+00,6.425099999999999589e+00,6.269599999999999618e+00
6.303099999999999703e+00,6.350900000000000212e+00,6.180699999999999861e+00
6.217900000000000205e+00,6.308799999999999741e+00,6.153999999999999915e+00
6.234700000000000131e+00,6.320199999999999818e+00,6.192899999999999849e+00
6.283000000000000362e+00,6.316200000000000259e+00,6.121400000000000396e+00
6.204299999999999926e+00,6.227699999999999569e+00,6.121000000000000441e+00
6.144400000000000084e+00,6.277400000000000091e+00,6.080300000000000260e+00
6.269700000000000273e+00,6.315000000000000391e+00,6.165199999999999569e+00
6.177599999999999980e+00,6.237899999999999778e+00,6.130499999999999616e+00
6.195299999999999585e+00,6.273100000000000342e+00,6.151399999999999757e+00
6.253000000000000114e+00,6.347500000000000142e+00,6.242799999999999905e+00
6.295799999999999841e+00,6.332099999999999618e+00,6.206699999999999662e+00
6.231099999999999639e+00,6.239600000000000257e+00,6.099099999999999966e+00
6.143200000000000216e+00,6.171199999999999797e+00,6.043899999999999828e+00
6.066799999999999748e+00,6.131000000000000227e+00,5.989799999999999791e+00
6.013899999999999579e+00,6.058099999999999596e+00,5.937299999999999578e+00
5.962299999999999933e+00,5.973399999999999821e+00,5.888300000000000090e+00
5.926099999999999923e+00,6.091999999999999638e+00,5.875000000000000000e+00
6.025100000000000122e+00,6.099599999999999689e+00,5.995000000000000107e+00
6.056000000000000050e+00,6.123000000000000220e+00,6.012500000000000178e+00
6.095299999999999940e+00,6.164699999999999847e+00,6.034500000000000419e+00
6.065299999999999692e+00,6.069700000000000095e+00,5.980100000000000193e+00
6.062999999999999723e+00,6.157099999999999795e+00,5.943900000000000183e+00
6.105299999999999727e+00,6.244299999999999962e+00,6.102299999999999613e+00
6.233200000000000074e+00,6.284299999999999997e+00,6.214100000000000179e+00
6.263300000000000090e+00,6.323500000000000121e+00,6.210700000000000109e+00
6.307999999999999829e+00,6.325899999999999856e+00,6.213899999999999757e+00
6.258700000000000152e+00,6.275599999999999845e+00,6.098300000000000054e+00
6.206400000000000361e+00,6.313600000000000101e+00,6.190599999999999881e+00
6.299299999999999677e+00,6.310200000000000031e+00,6.184499999999999886e+00
6.290199999999999569e+00,6.384199999999999875e+00,6.285499999999999865e+00
6.372399999999999842e+00,6.376400000000000290e+00,6.278299999999999770e+00
6.296299999999999564e+00,6.384800000000000253e+00,6.237199999999999633e+00
6.345699999999999896e+00,6.425699999999999967e+00,6.344100000000000072e+00
6.405300000000000438e+00,6.419100000000000250e+00,6.328800000000000203e+00
6.363400000000000389e+00,6.489600000000000257e+00,6.343700000000000117e+00
6.463000000000000078e+00,6.566799999999999748e+00,6.455599999999999561e+00
6.538700000000000401e+00,6.610599999999999810e+00,6.479099999999999859e+00
6.602899999999999991e+00,6.606600000000000250e+00,6.512699999999999712e+00
6.586199999999999832e+00,6.695700000000000429e+00,6.549999999999999822e+00
6.658800000000000274e+00,6.788800000000000168e+00,6.658400000000000318e+00
6.739600000000000257e+00,6.910899999999999821e+00,6.713499999999999801e+00
6.896899999999999586e+00,6.941799999999999748e+00,6.870099999999999874e+00
6.909900000000000375e+00,6.954399999999999693e+00,6.835899999999999643e+00
6.936799999999999855e+00,7.045899999999999608e+00,6.900599999999999845e+00
7.019700000000000273e+00,7.027099999999999902e+00,6.877100000000000435e+00
6.906500000000000306e+00,6.927500000000000213e+00,6.681400000000000006e+00
6.737499999999999822e+00,6.776399999999999757e+00,6.650299999999999656e+00
6.711700000000000443e+00,6.756400000000000183e+00,6.629500000000000171e+00
6.687299999999999578e+00,6.880799999999999805e+00,6.604899999999999771e+00
6.723600000000000243e+00,6.864799999999999791e+00,6.673300000000000232e+00
6.698299999999999699e+00,6.911299999999999777e+00,6.697400000000000020e+00
6.787399999999999878e+00,6.814499999999999780e+00,6.682500000000000107e+00
6.759900000000000020e+00,6.801999999999999602e+00,6.632200000000000095e+00
6.663700000000000401e+00,6.708599999999999675e+00,6.610000000000000320e+00
6.647499999999999964e+00,6.688699999999999868e+00,6.569799999999999862e+00
6.666400000000000325e+00,6.735699999999999577e+00,6.635799999999999699e+00
6.708400000000000141e+00,6.749200000000000088e+00,6.609799999999999898e+00
6.642299999999999649e+00,6.733600000000000030e+00,6.615599999999999703e+00
6.710600000000000342e+00,6.883000000000000007e+00,6.690299999999999692e+00
6.861100000000000421e+00,6.894800000000000040e+00,6.827799999999999869e+00
6.863100000000000200e+00,6.907600000000000406e+00,6.775100000000000122e+00
6.781699999999999839e+00,6.848300000000000054e+00,6.771399999999999864e+00
6.788000000000000256e+00,6.796599999999999753e+00,6.702899999999999636e+00
6.717600000000000016e+00,6.748800000000000132e+00,6.625799999999999912e+00
6.640799999999999592e+00,6.709399999999999586e+00,6.612599999999999589e+00
6.695500000000000007e+00,6.712100000000000399e+00,6.570100000000000051e+00
6.586800000000000210e+00,6.676099999999999923e+00,6.543199999999999683e+00
6.655800000000000161e+00,6.683900000000000396e+00,6.288499999999999979e+00
6.302500000000000213e+00,6.578800000000000203e+00,6.258200000000000429e+00
6.523799999999999599e+00,6.598600000000000243e+00,6.334800000000000431e+00
6.589500000000000135e+00,6.651699999999999946e+00,6.401500000000000412e+00
6.620899999999999785e+00,6.653400000000000425e+00,6.554899999999999949e+00
6.612000000000000099e+00,6.705099999999999838e+00,6.398699999999999832e+00
6.445299999999999585e+00,6.730400000000000382e+00,6.423300000000000232e+00
6.677100000000000257e+00,6.751900000000000013e+00,6.636499999999999844e+00
6.650100000000000122e+00,6.779300000000000104e+00,6.626500000000000057e+00
6.756999999999999673e+00,6.868599999999999817e+00,6.733900000000000219e+00
6.768600000000000172e+00,6.818500000000000227e+00,6.424900000000000055e+00
6.427699999999999747e+00,6.688200000000000145e+00,6.423099999999999810e+00
6.615599999999999703e+00,6.700199999999999712e+00,6.391899999999999693e+00
6.405899999999999928e+00,6.776500000000000412e+00,6.397000000000000242e+00
6.747499999999999609e+00,6.769999999999999574e+00,6.619100000000000428e+00
6.666100000000000136e+00,6.811799999999999855e+00,6.461400000000000254e+00
6.765699999999999825e+00,6.836299999999999599e+00,6.718300000000000161e+00
6.799000000000000377e+00,6.888099999999999667e+00,6.764400000000000190e+00
6.876599999999999824e+00,6.907099999999999795e+00,6.576800000000000423e+00
6.631400000000000183e+00,6.945199999999999818e+00,6.614300000000000068e+00
6.913199999999999790e+00,6.981300000000000061e+00,6.830799999999999983e+00
6.960600000000000342e+00,7.026900000000000368e+00,6.795499999999999652e+00
6.871000000000000441e+00,6.926899999999999835e+00,6.768799999999999706e+00
6.810299999999999798e+00,6.893200000000000216e+00,6.563799999999999635e+00
6.575400000000000134e+00,6.929700000000000415e+00,6.574699999999999989e+00
6.628999999999999559e+00,6.882600000000000051e+00,6.628999999999999559e+00
6.820899999999999963e+00,6.828299999999999592e+00,6.743599999999999817e+00
6.761300000000000310e+00,6.799599999999999866e+00,6.734300000000000175e+00
6.769599999999999618e+00,6.908199999999999896e+00,6.755200000000000315e+00
6.907700000000000173e+00,6.943399999999999572e+00,6.860800000000000232e+00
6.933099999999999596e+00,6.990499999999999936e+00,6.926099999999999923e+00
6.978699999999999903e+00,7.050600000000000200e+00,6.929100000000000037e+00
6.929899999999999949e+00,6.955499999999999794e+00,6.621599999999999930e+00
6.895599999999999952e+00,6.951500000000000234e+00,6.860000000000000320e+00
6.893500000000000405e+00,7.021399999999999864e+00,6.828800000000000203e+00
6.908500000000000085e+00,6.961899999999999977e+00,6.853699999999999903e+00
6.910099999999999909e+00,6.982300000000000395e+00,6.826200000000000045e+00
6.931099999999999817e+00,7.030999999999999694e+00,6.764800000000000146e+00
7.015600000000000058e+00,7.076299999999999812e+00,6.762900000000000134e+00
6.783500000000000085e+00,7.040700000000000180e+00,6.768799999999999706e+00
6.973700000000000010e+00,6.985999999999999766e+00,6.660400000000000098e+00
6.660899999999999821e+00,7.014199999999999768e+00,6.645699999999999719e+00
6.735899999999999999e+00,7.090600000000000236e+00,6.722400000000000375e+00
7.038000000000000256e+00,7.067499999999999893e+00,6.755799999999999805e+00
6.900100000000000122e+00,6.966099999999999959e+00,6.635900000000000354e+00
6.921400000000000219e+00,6.934599999999999653e+00,6.547299999999999898e+00
6.557100000000000151e+00,6.900400000000000311e+00,6.536599999999999966e+00
6.844999999999999751e+00,6.984799999999999898e+00,6.564499999999999780e+00
6.961999999999999744e+00,6.988999999999999879e+00,6.670399999999999885e+00
6.932400000000000340e+00,7.053700000000000081e+00,6.613999999999999879e+00
7.028100000000000236e+00,7.167099999999999582e+00,6.744299999999999962e+00
6.846099999999999852e+00,7.263600000000000279e+00,6.842200000000000060e+00
7.233799999999998676e+00,7.274700000000000166e+00,6.935299999999999798e+00
7.165799999999999947e+00,7.248999999999998778e+00,6.884000000000000341e+00
7.134199999999999875e+00,7.261099999999999888e+00,6.962100000000000399e+00
7.250499999999998835e+00,7.324499999999998678e+00,6.933900000000000396e+00
7.251500000000000057e+00,7.266799999999999926e+00,6.964199999999999946e+00
7.238400000000000389e+00,7.289600000000000080e+00,6.845500000000000362e+00
7.099800000000000111e+00,7.234700000000000131e+00,6.842800000000000438e+00
7.122799999999999798e+00,7.200099999999999945e+00,6.823400000000000354e+00
6.822700000000000209e+00,7.224499999999999922e+00,6.822700000000000209e+00
7.153299999999999770e+00,7.171599999999999753e+00,6.814700000000000202e+00
6.828100000000000058e+00,7.071200000000000152e+00,6.822300000000000253e+00
6.986900000000000333e+00,7.047100000000000364e+00,6.705400000000000027e+00
6.726600000000000357e+00,7.086700000000000443e+00,6.720100000000000406e+00
6.754599999999999937e+00,7.142000000000000348e+00,6.747899999999999565e+00
7.092999999999999972e+00,7.150699999999999612e+00,6.816900000000000404e+00
7.059499999999999886e+00,7.200099999999999945e+00,7.045899999999999608e+00
7.179199999999999804e+00,7.190199999999999925e+00,6.903800000000000381e+00
7.159900000000000375e+00,7.182800000000000296e+00,6.826299999999999812e+00
6.827700000000000102e+00,7.122700000000000031e+00,6.794299999999999784e+00
7.087299999999999933e+00,7.104700000000000237e+00,6.723799999999999777e+00
7.071100000000000385e+00,7.105900000000000105e+00,6.780400000000000205e+00
6.783699999999999619e+00,7.081199999999999939e+00,6.733699999999999797e+00
6.788100000000000023e+00,7.031600000000000072e+00,6.688100000000000378e+00
6.693299999999999805e+00,7.036400000000000432e+00,6.641499999999999737e+00
7.014700000000000379e+00,7.041500000000000092e+00,6.711500000000000021e+00
7.031699999999999839e+00,7.042600000000000193e+00,6.663599999999999746e+00
6.721099999999999852e+00,6.982899999999999885e+00,6.649799999999999933e+00
6.946100000000000385e+00,6.947499999999999787e+00,6.563500000000000334e+00
6.569099999999999717e+00,6.931799999999999962e+00,6.567899999999999849e+00
6.878999999999999559e+00,6.935599999999999987e+00,6.520299999999999763e+00
6.529399999999999871e+00,6.860599999999999810e+00,6.510299999999999976e+00
6.597800000000000331e+00,6.831299999999999706e+00,6.507799999999999585e+00
6.752600000000000158e+00,6.820500000000000007e+00,6.517500000000000071e+00
6.519000000000000128e+00,6.750700000000000145e+00,6.432000000000000384e+00
6.424500000000000099e+00,6.710099999999999731e+00,6.424500000000000099e+00
6.434499999999999886e+00,6.663700000000000401e+00,6.386700000000000266e+00
6.394300000000000317e+00,6.674199999999999910e+00,6.363400000000000389e+00
6.617499999999999716e+00,6.621800000000000352e+00,6.333199999999999719e+00
6.333199999999999719e+00,6.596000000000000085e+00,6.317899999999999849e+00
6.320000000000000284e+00,6.637800000000000367e+00,6.317099999999999937e+00
6.581299999999999706e+00,6.659900000000000375e+00,6.326800000000000423e+00
6.639000000000000234e+00,6.687899999999999956e+00,6.378000000000000114e+00
6.394400000000000084e+00,6.676899999999999835e+00,6.251800000000000246e+00
6.563299999999999912e+00,6.607499999999999929e+00,6.299199999999999910e+00
6.591000000000000192e+00,6.618599999999999817e+00,6.535700000000000287e+00
6.563200000000000145e+00,6.675500000000000433e+00,6.416199999999999903e+00
6.426999999999999602e+00,6.709900000000000198e+00,6.409600000000000186e+00
6.700400000000000134e+00,6.734200000000000408e+00,6.440699999999999648e+00
6.727199999999999847e+00,6.805500000000000327e+00,6.694499999999999673e+00
6.754100000000000215e+00,6.868199999999999861e+00,6.519999999999999574e+00
6.861900000000000333e+00,6.923600000000000421e+00,6.648900000000000254e+00
6.654099999999999682e+00,7.016600000000000392e+00,6.649799999999999933e+00
6.677599999999999980e+00,6.989300000000000068e+00,6.614600000000000257e+00
6.884299999999999642e+00,7.035099999999999909e+00,6.685399999999999565e+00
7.021899999999999586e+00,7.083599999999999675e+00,6.941900000000000404e+00
7.077799999999999869e+00,7.197099999999999831e+00,6.935900000000000176e+00
7.063200000000000145e+00,7.235500000000000043e+00,7.052299999999999791e+00
7.196399999999999686e+00,7.226700000000000124e+00,6.957200000000000273e+00
7.115199999999999747e+00,7.158800000000000274e+00,6.969999999999999751e+00
6.978500000000000369e+00,7.241900000000000226e+00,6.968300000000000161e+00
7.140500000000000291e+00,7.249299999999999855e+00,7.085899999999999643e+00
7.086400000000000254e+00,7.262900000000000134e+00,7.082200000000000273e+00
7.083700000000000330e+00,7.255099999999998772e+00,7.049299999999999677e+00
7.205899999999997974e+00,7.296800000000000175e+00,7.003599999999999604e+00
7.099300000000000388e+00,7.187700000000000422e+00,6.947099999999999831e+00
7.123599999999999710e+00,7.227500000000000036e+00,7.031399999999999650e+00
7.172600000000000087e+00,7.213499999999999801e+00,6.983999999999999986e+00
6.996999999999999886e+00,7.216400000000000148e+00,6.986500000000000377e+00
7.026799999999999713e+00,7.203500000000000014e+00,7.016399999999999970e+00
7.140600000000000058e+00,7.184899999999999842e+00,6.947199999999999598e+00
7.126699999999999591e+00,7.291900000000000048e+00,7.057199999999999918e+00
7.268500000000000405e+00,7.542300000000000004e+00,7.267000000000000348e+00
7.349700000000000344e+00,7.541800000000000281e+00,7.333300000000000374e+00
7.521300000000000097e+00,7.650599999999999845e+00,7.396300000000000097e+00
7.631800000000000139e+00,7.715099999999998737e+00,7.573999999999999844e+00
7.698900000000000077e+00,7.778599999999999959e+00,7.582399999999999807e+00
7.584100000000000286e+00,7.783500000000000085e+00,7.575300000000000367e+00
7.764800000000000146e+00,7.977199999999999847e+00,7.754900000000000126e+00
7.802699999999997971e+00,8.195299999999997809e+00,7.705300000000000260e+00
7.830499999999998018e+00,7.843200000000000394e+00,7.508600000000000385e+00
7.592399999999998705e+00,7.631400000000000183e+00,7.330099999999999838e+00
7.460499999999998799e+00,7.501800000000000246e+00,7.293599999999998751e+00
7.404300000000000104e+00,7.408800000000000274e+00,7.218899999999998762e+00
7.219400000000000261e+00,7.374100000000000321e+00,7.142800000000000260e+00
7.228600000000000136e+00,7.419200000000000017e+00,7.204100000000000392e+00
7.399700000000000166e+00,7.472000000000000419e+00,7.313100000000000378e+00
7.420899999999998720e+00,7.456199999999999939e+00,7.107899999999999885e+00
7.271799999999999820e+00,7.281399999999998762e+00,6.982000000000000206e+00
7.105299999999999727e+00,7.134299999999999642e+00,6.941900000000000404e+00
6.940699999999999648e+00,7.185800000000000409e+00,6.940699999999999648e+00
7.125099999999999767e+00,7.250600000000000378e+00,7.099499999999999922e+00
7.223799999999998001e+00,7.237800000000000011e+00,7.020199999999999996e+00
7.163000000000000256e+00,7.219299999999998718e+00,6.982400000000000162e+00
6.986900000000000333e+00,7.116900000000000226e+00,6.906900000000000261e+00
7.037099999999999689e+00,7.309199999999998809e+00,7.037099999999999689e+00
7.088499999999999801e+00,7.275599999999999845e+00,7.065400000000000347e+00
7.144999999999999574e+00,7.222100000000000186e+00,6.965099999999999625e+00
7.096700000000000230e+00,7.213499999999999801e+00,6.764999999999999680e+00
6.872200000000000308e+00,6.948400000000000354e+00,6.740000000000000213e+00
6.829399999999999693e+00,6.988299999999999734e+00,6.804800000000000182e+00
6.953800000000000203e+00,6.984200000000000408e+00,6.745099999999999874e+00
6.757900000000000240e+00,6.990599999999999703e+00,6.748400000000000176e+00
6.847999999999999865e+00,6.982999999999999652e+00,6.781799999999999606e+00
6.914600000000000080e+00,6.947300000000000253e+00,6.814099999999999824e+00
6.836999999999999744e+00,6.979199999999999626e+00,6.820999999999999730e+00
6.820500000000000007e+00,7.012500000000000178e+00,6.785099999999999909e+00
6.987499999999999822e+00,7.073500000000000121e+00,6.871699999999999697e+00
7.016700000000000159e+00,7.048799999999999955e+00,6.831400000000000361e+00
6.963899999999999757e+00,6.972999999999999865e+00,6.583199999999999719e+00
6.762199999999999989e+00,6.813500000000000334e+00,6.549999999999999822e+00
6.553799999999999848e+00,6.790300000000000225e+00,6.542099999999999582e+00
6.649799999999999933e+00,6.815500000000000114e+00,6.645800000000000374e+00
6.761899999999999800e+00,6.797100000000000364e+00,6.613400000000000389e+00
6.724999999999999645e+00,6.786500000000000199e+00,6.606799999999999784e+00
6.607199999999999740e+00,6.824399999999999800e+00,6.599400000000000155e+00
6.650100000000000122e+00,6.809400000000000119e+00,6.638200000000000323e+00
6.677100000000000257e+00,6.700400000000000134e+00,6.541800000000000281e+00
6.499399999999999622e+00,6.560599999999999987e+00,6.312000000000000277e+00
6.408599999999999852e+00,6.468700000000000117e+00,6.256000000000000227e+00
6.410800000000000054e+00,6.462900000000000311e+00,6.189300000000000246e+00
6.197000000000000064e+00,6.519099999999999895e+00,6.166699999999999626e+00
6.271600000000000286e+00,6.630200000000000315e+00,6.231099999999999639e+00
6.496599999999999930e+00,6.607700000000000351e+00,6.223799999999999777e+00
6.405199999999999783e+00,6.410999999999999588e+00,5.707300000000000040e+00
5.765699999999999825e+00,6.017100000000000115e+00,5.631800000000000139e+00
5.631300000000000416e+00,5.799999999999999822e+00,5.236900000000000333e+00
5.227100000000000080e+00,5.716400000000000148e+00,5.192300000000000360e+00
5.499299999999999855e+00,5.941799999999999748e+00,5.497499999999999609e+00
5.725399999999999601e+00,5.834999999999999964e+00,5.434499999999999886e+00
5.570500000000000007e+00,5.616100000000000314e+00,5.222100000000000186e+00
5.328000000000000291e+00,5.614399999999999835e+00,5.216400000000000148e+00
5.418400000000000105e+00,5.568999999999999950e+00,5.193699999999999761e+00
5.350600000000000023e+00,5.609499999999999709e+00,5.336700000000000443e+00
5.449200000000000266e+00,5.740499999999999936e+00,5.338199999999999612e+00
5.521099999999999675e+00,5.697400000000000020e+00,5.456599999999999895e+00
5.565699999999999648e+00,5.722299999999999720e+00,5.445599999999999774e+00
5.521799999999999820e+00,5.795899999999999608e+00,5.513300000000000090e+00
5.742200000000000415e+00,5.760200000000000209e+00,5.362000000000000099e+00
5.458000000000000185e+00,5.507100000000000328e+00,5.346199999999999619e+00
5.490199999999999747e+00,5.677299999999999791e+00,5.353399999999999714e+00
5.469299999999999606e+00,5.574699999999999989e+00,5.397999999999999687e+00
5.545200000000000351e+00,5.684999999999999609e+00,5.409399999999999764e+00
5.526299999999999990e+00,5.549500000000000099e+00,5.365099999999999980e+00
5.402599999999999625e+00,5.514400000000000190e+00,5.346799999999999997e+00
5.363400000000000389e+00,5.391499999999999737e+00,5.208499999999999908e+00
5.307199999999999918e+00,5.399499999999999744e+00,5.226300000000000168e+00
5.229700000000000237e+00,5.575199999999999712e+00,5.214400000000000368e+00
5.480400000000000382e+00,5.594000000000000306e+00,5.472599999999999909e+00
5.507600000000000051e+00,5.541500000000000092e+00,5.366200000000000081e+00
5.523799999999999599e+00,5.583599999999999675e+00,5.464199999999999946e+00
5.547299999999999898e+00,5.685100000000000264e+00,5.481799999999999784e+00
5.614300000000000068e+00,5.655000000000000249e+00,5.450099999999999945e+00
5.645500000000000185e+00,5.735599999999999810e+00,5.542300000000000004e+00
5.624699999999999811e+00,5.893600000000000172e+00,5.615800000000000125e+00
5.706699999999999662e+00,5.929999999999999716e+00,5.689600000000000435e+00
5.700899999999999856e+00,6.085600000000000342e+00,5.698800000000000310e+00
6.060299999999999798e+00,6.249200000000000088e+00,5.926599999999999646e+00
6.252799999999999692e+00,6.313200000000000145e+00,6.060800000000000409e+00
6.074799999999999756e+00,6.230699999999999683e+00,6.040300000000000225e+00
6.117700000000000138e+00,6.123199999999999754e+00,5.860100000000000087e+00
6.041500000000000092e+00,6.044599999999999973e+00,5.770100000000000229e+00
5.903400000000000425e+00,5.959500000000000242e+00,5.783900000000000041e+00
5.877100000000000435e+00,5.906900000000000261e+00,5.742600000000000371e+00
5.851099999999999746e+00,6.131499999999999950e+00,5.836400000000000254e+00
6.154600000000000293e+00,6.313299999999999912e+00,6.152300000000000324e+00
6.293499999999999872e+00,6.333400000000000141e+00,6.250899999999999679e+00
6.393799999999999706e+00,6.398299999999999876e+00,6.285199999999999676e+00
6.267699999999999605e+00,6.275599999999999845e+00,6.189199999999999591e+00
6.162600000000000300e+00,6.305900000000000283e+00,6.157199999999999562e+00
6.338300000000000267e+00,6.340499999999999581e+00,6.139300000000000423e+00
6.232400000000000162e+00,6.267599999999999838e+00,6.135399999999999743e+00
6.317899999999999849e+00,6.325199999999999712e+00,6.311700000000000088e+00
6.281799999999999606e+00,6.381599999999999717e+00,6.213199999999999612e+00
6.193599999999999994e+00,6.378099999999999881e+00,6.133399999999999963e+00
6.285099999999999909e+00,6.369100000000000428e+00,6.145500000000000185e+00
6.358799999999999564e+00,6.535099999999999909e+00,6.358799999999999564e+00
6.573800000000000310e+00,6.643500000000000405e+00,6.447199999999999598e+00
6.617099999999999760e+00,6.619699999999999918e+00,6.477899999999999991e+00
6.483200000000000074e+00,6.489600000000000257e+00,6.197099999999999831e+00
6.220200000000000173e+00,6.429400000000000226e+00,6.210899999999999643e+00
6.331400000000000361e+00,6.534299999999999997e+00,6.325999999999999623e+00
6.456500000000000128e+00,6.535899999999999821e+00,6.349400000000000155e+00
6.374299999999999855e+00,6.518500000000000405e+00,6.258200000000000429e+00
6.277199999999999669e+00,6.547699999999999854e+00,6.265399999999999636e+00
6.456000000000000405e+00,6.502699999999999925e+00,6.367099999999999760e+00
6.380300000000000082e+00,6.468799999999999883e+00,6.345699999999999896e+00
6.359300000000000175e+00,6.507699999999999818e+00,6.354300000000000281e+00
6.391600000000000392e+00,6.575400000000000134e+00,6.354800000000000004e+00
6.422500000000000320e+00,6.619900000000000340e+00,6.408800000000000274e+00
6.574600000000000222e+00,6.671299999999999564e+00,6.497799999999999798e+00
6.504100000000000215e+00,6.648200000000000109e+00,6.421700000000000408e+00
6.445400000000000240e+00,6.466300000000000381e+00,6.284500000000000419e+00
6.299000000000000377e+00,6.459699999999999775e+00,6.276099999999999568e+00
6.343200000000000394e+00,6.498899999999999899e+00,6.334200000000000053e+00
6.489200000000000301e+00,6.549999999999999822e+00,6.367099999999999760e+00
6.368900000000000006e+00,6.567000000000000171e+00,6.314199999999999591e+00
6.327200000000000379e+00,6.639599999999999724e+00,6.324499999999999567e+00
6.478699999999999903e+00,6.707699999999999996e+00,6.455000000000000071e+00
6.690999999999999837e+00,6.766600000000000392e+00,6.627399999999999736e+00
6.709200000000000053e+00,6.746900000000000119e+00,6.464500000000000135e+00
6.473900000000000432e+00,6.802500000000000213e+00,6.473900000000000432e+00
6.797699999999999854e+00,6.878800000000000026e+00,6.692499999999999893e+00
6.705700000000000216e+00,6.850299999999999834e+00,6.593200000000000394e+00
6.593099999999999739e+00,6.858699999999999797e+00,6.592100000000000293e+00
6.821699999999999875e+00,6.831999999999999851e+00,6.551599999999999646e+00
6.566799999999999748e+00,6.735500000000000043e+00,6.414799999999999613e+00
6.487499999999999822e+00,6.761899999999999800e+00,6.475900000000000212e+00
6.587200000000000166e+00,6.651399999999999757e+00,6.256300000000000416e+00
6.425300000000000011e+00,6.538199999999999790e+00,6.268200000000000216e+00
6.506499999999999950e+00,6.588400000000000034e+00,6.423700000000000188e+00
6.434300000000000352e+00,6.621900000000000119e+00,6.388700000000000045e+00
6.559999999999999609e+00,6.669999999999999929e+00,6.514499999999999957e+00
6.651500000000000412e+00,6.686600000000000321e+00,6.340300000000000047e+00
6.510200000000000209e+00,6.576100000000000279e+00,6.176800000000000068e+00
6.198699999999999655e+00,6.562199999999999811e+00,6.192499999999999893e+00
6.542600000000000193e+00,6.579399999999999693e+00,6.285199999999999676e+00
6.290799999999999947e+00,6.543800000000000061e+00,6.284799999999999720e+00
6.411200000000000010e+00,6.595100000000000406e+00,6.392100000000000115e+00
6.567400000000000126e+00,6.684700000000000308e+00,6.567400000000000126e+00
6.566600000000000215e+00,6.610800000000000232e+00,6.449499999999999567e+00
6.506099999999999994e+00,6.631400000000000183e+00,6.444099999999999717e+00
6.443900000000000183e+00,6.495400000000000063e+00,6.316099999999999604e+00
6.472000000000000419e+00,6.522599999999999731e+00,6.365599999999999703e+00
6.524700000000000166e+00,6.584200000000000053e+00,6.455499999999999794e+00
6.546599999999999753e+00,6.584699999999999775e+00,6.482199999999999740e+00
6.497499999999999609e+00,6.562800000000000189e+00,6.440800000000000303e+00
6.526699999999999946e+00,6.536500000000000199e+00,6.448299999999999699e+00
6.532799999999999940e+00,6.629599999999999937e+00,6.498000000000000220e+00
6.559400000000000119e+00,6.653599999999999959e+00,6.447899999999999743e+00
6.559499999999999886e+00,6.572700000000000209e+00,6.397000000000000242e+00
6.458499999999999908e+00,6.556700000000000195e+00,6.438900000000000290e+00
6.526900000000000368e+00,6.645800000000000374e+00,6.491299999999999848e+00
6.629199999999999982e+00,6.692700000000000315e+00,6.531299999999999883e+00
6.558300000000000018e+00,6.591999999999999638e+00,6.466700000000000337e+00
6.473099999999999632e+00,6.596700000000000230e+00,6.471300000000000274e+00
6.528999999999999915e+00,6.644999999999999574e+00,6.465499999999999581e+00
6.606099999999999639e+00,6.630300000000000082e+00,6.542900000000000382e+00
6.591199999999999726e+00,6.666100000000000136e+00,6.543999999999999595e+00
6.555200000000000138e+00,6.591300000000000381e+00,6.424199999999999910e+00
6.427599999999999980e+00,6.625899999999999679e+00,6.413599999999999746e+00
6.587600000000000122e+00,6.679999999999999716e+00,6.557299999999999685e+00
6.690900000000000070e+00,6.693999999999999950e+00,6.511000000000000121e+00
6.512900000000000134e+00,6.679999999999999716e+00,6.428300000000000125e+00
6.589199999999999946e+00,6.627399999999999736e+00,6.556400000000000006e+00
6.564899999999999736e+00,6.653200000000000003e+00,6.556099999999999817e+00
6.626000000000000334e+00,6.653400000000000425e+00,6.576900000000000190e+00
6.663400000000000212e+00,6.692499999999999893e+00,6.632399999999999629e+00
6.636400000000000077e+00,6.704900000000000304e+00,6.590300000000000047e+00
6.722400000000000375e+00,6.770699999999999719e+00,6.705400000000000027e+00
6.747600000000000264e+00,6.784099999999999575e+00,6.700700000000000323e+00
6.703999999999999737e+00,6.758200000000000429e+00,6.589699999999999669e+00
6.670600000000000307e+00,6.735800000000000232e+00,6.652999999999999581e+00
6.695500000000000007e+00,6.794699999999999740e+00,6.584200000000000053e+00
6.785199999999999676e+00,6.851899999999999658e+00,6.742399999999999949e+00
6.814000000000000057e+00,6.845900000000000318e+00,6.748199999999999754e+00
6.810900000000000176e+00,6.876999999999999780e+00,6.711999999999999744e+00
6.817700000000000315e+00,6.862300000000000288e+00,6.707699999999999996e+00
6.859099999999999753e+00,6.886800000000000033e+00,6.682100000000000151e+00
6.796299999999999564e+00,6.818299999999999805e+00,6.684000000000000163e+00
6.728299999999999947e+00,6.731200000000000294e+00,6.516799999999999926e+00
6.682699999999999640e+00,6.691900000000000404e+00,6.555200000000000138e+00
6.628400000000000070e+00,6.703899999999999970e+00,6.498199999999999754e+00
6.600299999999999834e+00,6.664399999999999658e+00,6.502500000000000391e+00
6.530599999999999739e+00,6.713899999999999757e+00,6.526399999999999757e+00
6.603600000000000136e+00,6.687100000000000044e+00,6.554000000000000270e+00
6.539900000000000269e+00,6.727400000000000269e+00,6.388300000000000090e+00
6.721799999999999997e+00,6.751100000000000101e+00,6.667699999999999960e+00
6.732000000000000206e+00,6.795700000000000074e+00,6.588499999999999801e+00
6.142500000000000071e+00,6.842100000000000293e+00,6.095699999999999896e+00
6.654099999999999682e+00,6.839000000000000412e+00,6.631000000000000227e+00
6.746400000000000396e+00,6.771799999999999820e+00,6.525800000000000267e+00
6.461700000000000443e+00,6.567499999999999893e+00,6.405899999999999928e+00
6.303799999999999848e+00,6.534799999999999720e+00,6.287700000000000067e+00
6.457399999999999807e+00,6.519000000000000128e+00,6.297100000000000364e+00
6.487199999999999633e+00,6.554100000000000037e+00,6.474999999999999645e+00
6.482800000000000118e+00,6.490999999999999659e+00,6.395800000000000374e+00
6.425399999999999778e+00,6.492600000000000371e+00,6.367200000000000415e+00
6.530199999999999783e+00,6.541400000000000325e+00,6.158900000000000041e+00
6.197600000000000442e+00,6.283199999999999896e+00,6.092500000000000249e+00
6.110299999999999621e+00,6.219100000000000072e+00,5.838199999999999612e+00
6.021200000000000330e+00,6.300600000000000200e+00,6.007100000000000328e+00
6.302100000000000257e+00,6.342399999999999594e+00,6.147100000000000009e+00
6.328800000000000203e+00,6.418400000000000105e+00,6.226200000000000401e+00
6.403900000000000148e+00,6.431199999999999584e+00,6.190199999999999925e+00
6.208400000000000141e+00,6.269999999999999574e+00,6.176300000000000345e+00
6.275100000000000122e+00,6.277800000000000047e+00,6.165700000000000180e+00
6.166000000000000369e+00,6.172699999999999854e+00,6.047200000000000131e+00
6.092500000000000249e+00,6.296100000000000030e+00,6.041199999999999903e+00
6.232199999999999740e+00,6.322799999999999976e+00,6.194600000000000328e+00
6.238999999999999879e+00,6.241999999999999993e+00,6.075700000000000323e+00
6.104599999999999582e+00,6.219100000000000072e+00,6.089000000000000412e+00
6.191600000000000215e+00,6.230199999999999960e+00,6.066799999999999748e+00
6.158900000000000041e+00,6.237599999999999589e+00,6.134599999999999831e+00
6.148699999999999832e+00,6.224400000000000155e+00,6.115899999999999892e+00
6.166400000000000325e+00,6.267599999999999838e+00,6.161599999999999966e+00
6.255499999999999616e+00,6.344999999999999751e+00,6.103500000000000369e+00
6.309700000000000308e+00,6.334500000000000242e+00,6.265500000000000291e+00
6.327799999999999869e+00,6.344000000000000306e+00,6.265699999999999825e+00
6.274600000000000399e+00,6.333000000000000185e+00,6.148299999999999876e+00
6.306400000000000006e+00,6.354400000000000048e+00,6.275299999999999656e+00
6.282700000000000173e+00,6.392500000000000071e+00,6.230299999999999727e+00
6.365700000000000358e+00,6.383300000000000196e+00,6.278999999999999915e+00
6.365400000000000169e+00,6.407099999999999795e+00,6.350999999999999979e+00
6.368400000000000283e+00,6.396499999999999631e+00,6.139899999999999913e+00
6.148799999999999599e+00,6.365800000000000125e+00,6.146399999999999864e+00
6.306600000000000428e+00,6.364399999999999835e+00,6.203299999999999592e+00
6.312500000000000000e+00,6.342699999999999783e+00,6.195899999999999963e+00
6.213499999999999801e+00,6.380200000000000315e+00,6.210799999999999876e+00
6.352199999999999847e+00,6.437905999999999906e+00,6.248700000000000365e+00
6.429000000000000270e+00,6.432299999999999685e+00,6.202799999999999869e+00
6.245000000000000107e+00,6.348499999999999588e+00,6.234899999999999665e+00
6.298300000000000232e+00,6.319099999999999717e+00,6.179999999999999716e+00
6.193500000000000227e+00,6.220900000000000318e+00,6.012299999999999756e+00
6.032399999999999984e+00,6.210099999999999731e+00,5.910499999999999865e+00
6.111600000000000144e+00,6.222699999999999676e+00,5.975200000000000067e+00
5.989099999999999646e+00,6.232499999999999929e+00,5.989099999999999646e+00
6.038299999999999557e+00,6.253800000000000026e+00,6.032899999999999707e+00
6.205099999999999838e+00,6.246599999999999930e+00,6.044800000000000395e+00
6.048399999999999999e+00,6.285899999999999821e+00,6.048399999999999999e+00
6.135299999999999976e+00,6.291900000000000048e+00,6.075400000000000134e+00
6.108500000000000263e+00,6.323699999999999655e+00,6.105500000000000149e+00
6.294200000000000017e+00,6.353900000000000325e+00,6.193299999999999805e+00
6.195500000000000007e+00,6.377699999999999925e+00,6.139999999999999680e+00
6.136099999999999888e+00,6.410899999999999821e+00,6.136099999999999888e+00
6.247799999999999798e+00,6.445999999999999730e+00,6.239600000000000257e+00
6.426199999999999690e+00,6.448500000000000121e+00,6.249500000000000277e+00
6.253400000000000070e+00,6.447099999999999831e+00,6.249399999999999622e+00
6.429999999999999716e+00,6.487000000000000099e+00,6.256499999999999950e+00
6.269499999999999851e+00,6.549400000000000333e+00,6.268299999999999983e+00
6.497499999999999609e+00,6.507600000000000051e+00,6.231900000000000439e+00
6.449099999999999611e+00,6.456299999999999706e+00,6.259800000000000253e+00
6.283800000000000274e+00,6.446699999999999875e+00,6.252399999999999736e+00
6.269599999999999618e+00,6.445000000000000284e+00,6.245400000000000063e+00
6.395699999999999719e+00,6.410899999999999821e+00,6.152599999999999625e+00
6.281100000000000350e+00,6.312700000000000422e+00,6.080499999999999794e+00
6.084800000000000431e+00,6.274399999999999977e+00,6.083300000000000374e+00
6.266000000000000014e+00,6.338400000000000034e+00,6.076999999999999957e+00
6.083400000000000141e+00,6.231200000000000294e+00,6.065199999999999925e+00
6.066699999999999982e+00,6.272899999999999920e+00,6.060299999999999798e+00
6.082499999999999574e+00,6.278999999999999915e+00,6.082499999999999574e+00
6.114700000000000024e+00,6.326600000000000001e+00,6.100299999999999834e+00
6.315400000000000347e+00,6.345799999999999663e+00,6.141499999999999737e+00
6.320800000000000196e+00,6.334999999999999964e+00,6.154200000000000337e+00
6.261499999999999844e+00,6.295700000000000074e+00,6.082399999999999807e+00
6.091899999999999871e+00,6.333000000000000185e+00,6.083800000000000097e+00
6.130399999999999849e+00,6.327499999999999680e+00,6.107400000000000162e+00
6.111799999999999677e+00,6.319600000000000328e+00,6.096199999999999619e+00
6.129599999999999937e+00,6.274300000000000210e+00,6.009000000000000341e+00
6.007900000000000240e+00,6.241799999999999571e+00,6.005399999999999849e+00
6.096199999999999619e+00,6.266899999999999693e+00,6.080599999999999561e+00
6.081500000000000128e+00,6.228100000000000414e+00,6.025000000000000355e+00
6.032399999999999984e+00,6.200700000000000323e+00,5.930799999999999628e+00
5.940199999999999925e+00,6.093600000000000350e+00,5.924599999999999866e+00
6.051099999999999923e+00,6.065500000000000114e+00,5.943500000000000227e+00
5.950999999999999623e+00,6.093700000000000117e+00,5.936499999999999666e+00
6.000200000000000422e+00,6.152700000000000280e+00,5.881899999999999906e+00
5.892500000000000071e+00,6.118500000000000050e+00,5.877299999999999969e+00
5.957799999999999763e+00,6.143900000000000361e+00,5.905300000000000438e+00
5.911500000000000199e+00,6.139400000000000190e+00,5.909200000000000230e+00
6.101899999999999658e+00,6.107199999999999740e+00,5.871800000000000352e+00
5.886499999999999844e+00,6.063799999999999635e+00,5.879599999999999937e+00
6.051700000000000301e+00,6.126599999999999824e+00,5.953599999999999781e+00
5.953100000000000058e+00,6.125600000000000378e+00,5.924599999999999866e+00
5.928700000000000081e+00,6.087200000000000166e+00,5.832399999999999807e+00
5.963499999999999801e+00,5.983200000000000074e+00,5.799299999999999677e+00
5.801700000000000301e+00,5.951999999999999957e+00,5.760299999999999976e+00
5.771799999999999820e+00,6.016700000000000159e+00,5.759900000000000020e+00
5.874799999999999578e+00,6.040499999999999758e+00,5.864200000000000301e+00
5.868999999999999773e+00,6.039799999999999613e+00,5.759500000000000064e+00
5.854000000000000092e+00,5.892000000000000348e+00,5.704100000000000392e+00
5.715099999999999625e+00,5.844500000000000028e+00,5.660700000000000287e+00
5.676199999999999690e+00,5.930799999999999628e+00,5.676199999999999690e+00
5.901200000000000223e+00,5.918499999999999872e+00,5.759800000000000253e+00
5.912499999999999645e+00,5.970200000000000173e+00,5.813799999999999635e+00
5.958700000000000330e+00,5.971400000000000041e+00,5.714599999999999902e+00
5.721599999999999575e+00,5.954200000000000159e+00,5.714000000000000412e+00
5.944899999999999629e+00,5.953700000000000436e+00,5.773900000000000254e+00
5.910400000000000098e+00,5.926099999999999923e+00,5.677699999999999747e+00
5.815999999999999837e+00,5.836299999999999599e+00,5.671400000000000219e+00
5.804100000000000037e+00,5.888899999999999579e+00,5.698500000000000121e+00
5.874200000000000088e+00,5.966099999999999959e+00,5.759699999999999598e+00
5.755899999999999572e+00,6.007399999999999629e+00,5.755600000000000271e+00
5.931899999999999729e+00,5.950300000000000367e+00,5.788100000000000023e+00
5.938100000000000378e+00,5.949499999999999567e+00,5.810900000000000176e+00
5.929499999999999993e+00,5.937800000000000189e+00,5.781200000000000117e+00
5.767800000000000260e+00,5.925500000000000433e+00,5.765799999999999592e+00
5.786599999999999966e+00,5.924000000000000377e+00,5.680699999999999861e+00
5.818100000000000271e+00,5.850799999999999557e+00,5.718700000000000117e+00
5.722999999999999865e+00,5.860699999999999577e+00,5.691200000000000259e+00
5.697400000000000020e+00,5.830099999999999838e+00,5.671700000000000408e+00
5.679400000000000226e+00,5.844299999999999606e+00,5.676899999999999835e+00
5.772199999999999775e+00,5.784500000000000419e+00,5.727500000000000036e+00
5.730000000000000426e+00,5.734799999999999898e+00,5.679199999999999804e+00
5.698299999999999699e+00,5.744600000000000151e+00,5.593499999999999694e+00
5.725999999999999979e+00,5.736600000000000144e+00,5.648100000000000342e+00
5.695700000000000429e+00,5.729499999999999815e+00,5.550099999999999589e+00
5.655499999999999972e+00,5.706999999999999851e+00,5.568599999999999994e+00
5.682400000000000340e+00,5.698699999999999655e+00,5.520400000000000418e+00
5.538800000000000168e+00,5.555399999999999672e+00,5.405000000000000249e+00
5.409900000000000375e+00,5.528400000000000425e+00,5.345299999999999940e+00
5.457200000000000273e+00,5.475999999999999979e+00,5.337600000000000122e+00
5.339900000000000091e+00,5.519999999999999574e+00,5.336599999999999788e+00
5.493699999999999584e+00,5.537499999999999645e+00,5.456599999999999895e+00
5.518799999999999706e+00,5.561300000000000132e+00,5.390900000000000247e+00
5.475200000000000067e+00,5.561399999999999899e+00,5.463899999999999757e+00
5.561099999999999710e+00,5.579500000000000348e+00,5.514199999999999768e+00
5.516000000000000014e+00,5.551099999999999923e+00,5.386099999999999888e+00
5.530300000000000438e+00,5.609399999999999942e+00,5.496699999999999697e+00
5.541199999999999903e+00,5.642000000000000348e+00,5.501500000000000057e+00
5.611699999999999910e+00,5.662099999999999689e+00,5.596700000000000230e+00
5.653500000000000192e+00,5.703800000000000203e+00,5.634699999999999598e+00
5.674199999999999910e+00,5.677299999999999791e+00,5.629199999999999982e+00
5.654899999999999594e+00,5.674599999999999866e+00,5.636499999999999844e+00
5.659799999999999720e+00,5.732499999999999929e+00,5.652899999999999814e+00
5.695299999999999585e+00,5.791999999999999815e+00,5.674400000000000333e+00
5.706100000000000172e+00,5.735699999999999577e+00,5.695800000000000196e+00
5.728900000000000325e+00,5.746400000000000396e+00,5.690299999999999692e+00
5.730000000000000426e+00,5.770699999999999719e+00,5.729000000000000092e+00
5.757200000000000095e+00,5.757200000000000095e+00,5.699300000000000033e+00
5.706800000000000317e+00,5.736299999999999955e+00,5.692499999999999893e+00
5.713300000000000267e+00,5.783800000000000274e+00,5.711299999999999599e+00
5.785700000000000287e+00,5.825999999999999623e+00,5.784099999999999575e+00
5.825099999999999945e+00,5.837500000000000355e+00,5.777400000000000091e+00
5.819700000000000095e+00,5.831299999999999706e+00,5.761700000000000266e+00
5.777899999999999814e+00,5.788499999999999979e+00,5.724199999999999733e+00
5.742799999999999905e+00,5.781900000000000261e+00,5.714900000000000091e+00
5.720799999999999663e+00,5.723900000000000432e+00,5.604899999999999771e+00
5.650800000000000267e+00,5.658500000000000085e+00,5.582300000000000040e+00
5.607499999999999929e+00,5.653299999999999770e+00,5.570899999999999963e+00
5.608900000000000219e+00,5.643600000000000172e+00,5.582499999999999574e+00
5.621299999999999741e+00,5.673799999999999955e+00,5.578199999999999825e+00
5.646399999999999864e+00,5.663000000000000256e+00,5.603500000000000369e+00
5.633700000000000152e+00,5.638799999999999812e+00,5.484300000000000175e+00
5.495000000000000107e+00,5.631700000000000372e+00,5.488699999999999690e+00
5.588000000000000078e+00,5.601200000000000401e+00,5.481300000000000061e+00
5.502799999999999692e+00,5.537499999999999645e+00,5.437599999999999767e+00
5.474700000000000344e+00,5.525800000000000267e+00,5.441399999999999793e+00
5.471400000000000041e+00,5.471400000000000041e+00,5.364399999999999835e+00
5.421100000000000030e+00,5.457799999999999763e+00,5.393099999999999561e+00
5.423499999999999766e+00,5.485500000000000043e+00,5.388899999999999579e+00
5.443800000000000416e+00,5.464000000000000412e+00,5.325400000000000134e+00
5.373199999999999754e+00,5.423199999999999577e+00,5.353900000000000325e+00
5.370199999999999640e+00,5.465099999999999625e+00,5.364300000000000068e+00
5.453899999999999970e+00,5.464000000000000412e+00,5.332600000000000229e+00
5.337699999999999889e+00,5.427599999999999980e+00,5.335300000000000153e+00
5.362300000000000288e+00,5.423700000000000188e+00,5.317599999999999660e+00
5.339699999999999669e+00,5.373700000000000365e+00,5.297900000000000276e+00
5.353399999999999714e+00,5.366900000000000226e+00,5.328700000000000436e+00
5.350200000000000067e+00,5.357099999999999973e+00,5.210600000000000342e+00
5.277899999999999814e+00,5.289299999999999891e+00,5.216400000000000148e+00
5.218600000000000350e+00,5.232199999999999740e+00,5.137699999999999712e+00
5.181499999999999773e+00,5.199600000000000222e+00,4.989799999999999791e+00
5.022899999999999920e+00,5.034200000000000230e+00,4.879699999999999704e+00
4.910300000000000331e+00,5.036100000000000243e+00,4.791500000000000092e+00
4.982199999999999740e+00,5.019999999999999574e+00,4.911500000000000199e+00
4.998099999999999987e+00,5.052900000000000169e+00,4.972400000000000375e+00
4.982899999999999885e+00,5.046100000000000030e+00,4.934899999999999842e+00
5.013799999999999812e+00,5.043300000000000338e+00,4.954799999999999649e+00
4.961299999999999599e+00,4.976399999999999935e+00,4.873700000000000365e+00
4.880700000000000038e+00,4.976200000000000401e+00,4.804499999999999993e+00
4.921800000000000175e+00,4.996299999999999741e+00,4.918000000000000149e+00
4.924400000000000333e+00,4.934000000000000163e+00,4.843899999999999650e+00
4.909900000000000375e+00,4.993400000000000283e+00,4.880300000000000082e+00
4.929499999999999993e+00,5.117300000000000182e+00,4.818800000000000416e+00
5.068100000000000271e+00,5.111500000000000377e+00,5.033599999999999852e+00
5.087500000000000355e+00,5.180699999999999861e+00,5.071699999999999875e+00
5.105000000000000426e+00,5.183300000000000018e+00,5.094400000000000261e+00
5.133000000000000007e+00,5.198400000000000354e+00,5.105400000000000382e+00
5.158400000000000318e+00,5.164399999999999658e+00,5.029600000000000293e+00
5.043899999999999828e+00,5.045099999999999696e+00,4.936700000000000088e+00
4.985199999999999854e+00,4.999100000000000321e+00,4.920399999999999885e+00
4.976399999999999935e+00,5.077399999999999913e+00,4.923000000000000043e+00
5.053200000000000358e+00,5.112899999999999778e+00,5.014400000000000190e+00
5.046999999999999709e+00,5.074499999999999567e+00,4.987800000000000011e+00
5.104700000000000237e+00,5.107899999999999885e+00,4.904300000000000104e+00
4.966999999999999638e+00,4.967999999999999972e+00,4.852400000000000269e+00
4.897199999999999775e+00,4.900400000000000311e+00,4.769700000000000273e+00
4.774899999999999700e+00,4.799500000000000099e+00,4.701800000000000423e+00
4.756199999999999761e+00,4.812100000000000044e+00,4.716400000000000148e+00
4.730599999999999916e+00,4.749699999999999811e+00,4.601399999999999935e+00
4.717699999999999783e+00,4.959699999999999775e+00,4.702300000000000146e+00
4.880200000000000315e+00,4.906799999999999606e+00,4.825400000000000134e+00
4.828500000000000014e+00,4.869699999999999918e+00,4.728600000000000136e+00
4.808300000000000018e+00,4.847599999999999909e+00,4.760799999999999699e+00
4.775800000000000267e+00,4.840399999999999814e+00,4.740000000000000213e+00
4.802100000000000257e+00,4.883200000000000429e+00,4.740800000000000125e+00
4.815699999999999648e+00,4.828299999999999592e+00,4.732899999999999885e+00
4.772300000000000431e+00,4.815999999999999837e+00,4.700400000000000134e+00
4.813799999999999635e+00,4.910999999999999588e+00,4.813200000000000145e+00
4.865599999999999703e+00,4.935900000000000176e+00,4.808300000000000018e+00
4.904899999999999594e+00,4.922100000000000364e+00,4.802699999999999747e+00
4.814199999999999591e+00,4.833800000000000097e+00,4.763799999999999812e+00
4.818900000000000183e+00,4.851099999999999746e+00,4.765299999999999869e+00
4.774300000000000210e+00,4.809000000000000163e+00,4.745899999999999785e+00
4.811399999999999899e+00,4.812899999999999956e+00,4.745899999999999785e+00
4.758499999999999730e+00,4.805799999999999628e+00,4.737800000000000011e+00
4.744100000000000428e+00,4.810599999999999987e+00,4.737099999999999866e+00
4.735400000000000276e+00,4.777800000000000047e+00,4.635799999999999699e+00
4.646700000000000053e+00,4.719699999999999562e+00,4.608399999999999608e+00
4.641200000000000436e+00,4.681400000000000006e+00,4.601600000000000357e+00
4.638499999999999623e+00,4.684499999999999886e+00,4.619299999999999962e+00
4.666699999999999626e+00,4.707099999999999618e+00,4.556199999999999584e+00
4.567800000000000082e+00,4.686499999999999666e+00,4.447300000000000253e+00
4.463499999999999801e+00,4.653699999999999726e+00,4.441300000000000026e+00
4.617600000000000371e+00,4.705199999999999605e+00,4.586199999999999832e+00
4.693999999999999950e+00,4.814600000000000435e+00,4.658800000000000274e+00
4.733999999999999986e+00,4.760299999999999976e+00,4.683399999999999785e+00
4.709999999999999964e+00,4.771200000000000330e+00,4.674000000000000377e+00
4.727299999999999613e+00,4.851300000000000168e+00,4.676700000000000301e+00
4.831400000000000361e+00,4.882799999999999585e+00,4.801700000000000301e+00
4.857700000000000351e+00,4.923899999999999721e+00,4.819300000000000139e+00
4.842999999999999972e+00,5.000700000000000145e+00,4.829200000000000159e+00
4.950199999999999712e+00,4.976700000000000124e+00,4.871599999999999930e+00
4.910199999999999676e+00,5.009299999999999642e+00,4.868599999999999817e+00
4.961800000000000210e+00,4.984099999999999753e+00,4.880899999999999572e+00
4.972100000000000186e+00,5.072700000000000209e+00,4.919100000000000250e+00
4.979099999999999859e+00,5.139999999999999680e+00,4.958199999999999719e+00
5.122200000000000308e+00,5.182900000000000063e+00,5.089900000000000091e+00
5.150500000000000078e+00,5.186600000000000321e+00,5.011800000000000033e+00
5.026900000000000368e+00,5.092500000000000249e+00,4.987899999999999778e+00
5.031200000000000117e+00,5.069099999999999717e+00,4.943399999999999572e+00
4.982099999999999973e+00,5.070700000000000429e+00,4.938600000000000101e+00
5.027599999999999625e+00,5.077799999999999869e+00,4.978600000000000136e+00
5.067300000000000360e+00,5.182400000000000340e+00,5.021899999999999586e+00
5.133899999999999686e+00,5.156900000000000261e+00,5.023900000000000254e+00
5.047600000000000087e+00,5.174699999999999633e+00,4.991999999999999993e+00
5.020100000000000229e+00,5.169800000000000395e+00,5.016300000000000203e+00
5.112700000000000244e+00,5.189099999999999824e+00,5.098300000000000054e+00
5.121900000000000119e+00,5.189099999999999824e+00,5.053399999999999892e+00
5.144599999999999618e+00,5.175200000000000244e+00,5.048000000000000043e+00
5.062599999999999767e+00,5.096199999999999619e+00,5.011599999999999611e+00
5.080300000000000260e+00,5.101799999999999891e+00,5.005399999999999849e+00
5.029899999999999594e+00,5.127200000000000202e+00,5.021799999999999820e+00
5.095699999999999896e+00,5.188100000000000378e+00,5.093600000000000350e+00
5.113999999999999879e+00,5.190900000000000070e+00,5.105199999999999960e+00
5.115499999999999936e+00,5.142199999999999882e+00,5.043300000000000338e+00
5.133899999999999686e+00,5.199600000000000222e+00,5.081000000000000405e+00
5.085600000000000342e+00,5.119900000000000340e+00,5.026600000000000179e+00
5.047600000000000087e+00,5.123499999999999943e+00,4.999299999999999855e+00
5.028999999999999915e+00,5.109499999999999709e+00,4.998400000000000176e+00
5.078299999999999592e+00,5.097900000000000098e+00,4.992300000000000182e+00
5.033299999999999663e+00,5.126699999999999591e+00,5.022599999999999731e+00
5.096700000000000230e+00,5.174100000000000144e+00,5.033000000000000362e+00
5.030199999999999783e+00,5.086899999999999977e+00,4.983999999999999986e+00
4.996900000000000119e+00,5.108699999999999797e+00,4.992700000000000138e+00
5.074300000000000033e+00,5.111500000000000377e+00,4.988800000000000345e+00
5.047799999999999621e+00,5.124200000000000088e+00,5.022800000000000153e+00
5.094000000000000306e+00,5.141899999999999693e+00,5.068100000000000271e+00
5.069700000000000095e+00,5.188299999999999912e+00,5.054299999999999571e+00
5.165399999999999991e+00,5.637500000000000178e+00,5.130200000000000315e+00
5.231799999999999784e+00,5.273299999999999876e+00,5.171000000000000263e+00
5.175600000000000200e+00,5.202799999999999869e+00,5.115599999999999703e+00
5.131300000000000416e+00,5.179299999999999571e+00,5.074600000000000222e+00
5.144400000000000084e+00,5.245800000000000018e+00,5.123000000000000220e+00
5.178300000000000125e+00,5.288400000000000212e+00,5.168499999999999872e+00
5.222199999999999953e+00,5.261400000000000077e+00,5.093399999999999928e+00
5.158599999999999852e+00,5.264800000000000146e+00,5.081199999999999939e+00
5.175600000000000200e+00,5.303499999999999659e+00,5.166000000000000369e+00
5.270999999999999908e+00,5.272700000000000387e+00,5.178300000000000125e+00
5.219599999999999795e+00,5.266700000000000159e+00,5.197000000000000064e+00
5.231799999999999784e+00,5.256800000000000139e+00,5.192700000000000315e+00
5.224499999999999922e+00,5.250600000000000378e+00,5.107099999999999973e+00
5.146399999999999864e+00,5.154300000000000104e+00,5.060200000000000031e+00
5.061799999999999855e+00,5.198199999999999932e+00,5.056099999999999817e+00
5.170700000000000074e+00,5.189899999999999736e+00,5.117499999999999716e+00
5.111399999999999721e+00,5.186099999999999710e+00,5.096899999999999764e+00
5.156200000000000117e+00,5.165099999999999802e+00,5.091999999999999638e+00
5.130899999999999572e+00,5.202899999999999636e+00,5.122600000000000264e+00
5.134800000000000253e+00,5.177299999999999791e+00,5.009900000000000020e+00
4.989300000000000068e+00,5.131999999999999673e+00,4.988800000000000345e+00
5.034200000000000230e+00,5.052200000000000024e+00,4.966099999999999959e+00
5.056899999999999729e+00,5.066600000000000215e+00,5.003499999999999837e+00
5.024300000000000210e+00,5.089500000000000135e+00,5.012699999999999712e+00
5.037799999999999834e+00,5.134800000000000253e+00,5.035499999999999865e+00
5.090799999999999770e+00,5.102400000000000269e+00,5.008899999999999686e+00
4.983900000000000219e+00,5.058300000000000018e+00,4.983200000000000074e+00
5.009299999999999642e+00,5.155599999999999739e+00,5.006400000000000183e+00
5.142599999999999838e+00,5.172799999999999621e+00,5.073599999999999888e+00
5.095900000000000318e+00,5.231200000000000294e+00,5.095900000000000318e+00
5.177599999999999980e+00,5.283800000000000274e+00,5.174699999999999633e+00
5.241699999999999804e+00,5.353500000000000369e+00,5.233600000000000030e+00
5.351300000000000168e+00,5.400800000000000267e+00,5.280400000000000205e+00
5.383700000000000152e+00,5.423300000000000232e+00,5.335399999999999920e+00
5.354199999999999626e+00,5.400299999999999656e+00,5.293499999999999872e+00
5.315999999999999837e+00,5.316200000000000259e+00,5.185900000000000176e+00
5.249900000000000233e+00,5.308799999999999741e+00,5.199600000000000222e+00
5.265699999999999825e+00,5.325199999999999712e+00,5.235500000000000043e+00
5.311200000000000365e+00,5.325800000000000090e+00,5.204900000000000304e+00
5.282899999999999707e+00,5.352699999999999569e+00,5.238999999999999879e+00
5.340499999999999581e+00,5.398500000000000298e+00,5.329900000000000304e+00
5.334200000000000053e+00,5.383499999999999730e+00,5.316200000000000259e+00
5.318299999999999805e+00,5.391099999999999781e+00,5.267000000000000348e+00
5.289299999999999891e+00,5.338099999999999845e+00,5.260500000000000398e+00
5.297200000000000131e+00,5.297200000000000131e+00,5.237499999999999822e+00
5.249200000000000088e+00,5.316900000000000404e+00,5.210399999999999920e+00
5.218799999999999883e+00,5.257200000000000095e+00,5.129100000000000215e+00
5.156500000000000306e+00,5.204900000000000304e+00,5.114499999999999602e+00
5.157799999999999940e+00,5.240599999999999703e+00,5.154099999999999682e+00
5.224400000000000155e+00,5.234700000000000131e+00,5.155100000000000016e+00
5.173700000000000188e+00,5.197799999999999976e+00,5.110699999999999577e+00
5.111500000000000377e+00,5.211999999999999744e+00,5.093700000000000117e+00
5.211000000000000298e+00,5.238299999999999734e+00,5.101499999999999702e+00
5.139899999999999913e+00,5.186300000000000132e+00,5.119699999999999918e+00
5.130799999999999805e+00,5.176000000000000156e+00,5.089000000000000412e+00
5.164299999999999891e+00,5.197700000000000209e+00,5.128099999999999881e+00
5.152099999999999902e+00,5.246900000000000119e+00,5.142199999999999882e+00
5.211199999999999832e+00,5.252100000000000435e+00,5.143099999999999561e+00
5.176800000000000068e+00,5.193299999999999805e+00,5.117300000000000182e+00
5.107400000000000162e+00,5.169699999999999740e+00,5.100100000000000300e+00
5.122899999999999565e+00,5.140299999999999869e+00,5.065999999999999837e+00
5.067700000000000315e+00,5.070599999999999774e+00,4.975200000000000067e+00
4.989099999999999646e+00,5.093499999999999694e+00,4.977400000000000269e+00
5.046400000000000219e+00,5.059400000000000119e+00,4.948900000000000077e+00
4.995000000000000107e+00,5.003700000000000259e+00,4.908100000000000129e+00
4.919999999999999929e+00,4.938299999999999912e+00,4.858200000000000074e+00
4.934599999999999653e+00,4.937899999999999956e+00,4.820000000000000284e+00
4.834999999999999964e+00,4.927800000000000402e+00,4.814400000000000013e+00
4.876999999999999780e+00,4.904799999999999827e+00,4.845200000000000173e+00
4.861699999999999910e+00,4.949699999999999989e+00,4.859099999999999753e+00
4.929199999999999804e+00,5.006099999999999994e+00,4.900100000000000122e+00
4.954299999999999926e+00,5.006400000000000183e+00,4.901500000000000412e+00
4.905599999999999739e+00,4.936499999999999666e+00,4.882799999999999585e+00
4.889999999999999680e+00,4.966499999999999915e+00,4.884900000000000020e+00
4.913100000000000023e+00,4.982099999999999973e+00,4.887199999999999989e+00
4.932999999999999829e+00,4.990599999999999703e+00,4.918999999999999595e+00
4.925200000000000244e+00,4.993900000000000006e+00,4.917300000000000004e+00
4.902400000000000091e+00,4.998499999999999943e+00,4.883899999999999686e+00
4.930399999999999672e+00,4.966000000000000192e+00,4.901600000000000179e+00
4.882399999999999629e+00,4.936600000000000321e+00,4.868299999999999628e+00
4.878300000000000303e+00,4.898600000000000065e+00,4.828899999999999970e+00
4.892699999999999605e+00,5.036999999999999922e+00,4.888799999999999812e+00
5.032399999999999984e+00,5.083599999999999675e+00,5.001299999999999635e+00
5.013799999999999812e+00,5.106399999999999828e+00,4.996400000000000396e+00
5.081500000000000128e+00,5.160800000000000054e+00,5.049000000000000377e+00
5.145400000000000418e+00,5.233799999999999564e+00,5.081000000000000405e+00
5.207900000000000418e+00,5.287499999999999645e+00,5.184700000000000308e+00
5.244299999999999962e+00,5.274099999999999788e+00,5.203700000000000436e+00
5.207900000000000418e+00,5.283100000000000129e+00,5.184099999999999930e+00
5.217900000000000205e+00,5.276099999999999568e+00,5.206800000000000317e+00
5.215499999999999581e+00,5.289900000000000269e+00,5.215300000000000047e+00
5.226399999999999935e+00,5.228200000000000180e+00,5.142100000000000115e+00
5.175099999999999589e+00,5.278299999999999770e+00,5.155100000000000016e+00
5.242799999999999905e+00,5.311899999999999622e+00,5.207600000000000229e+00
5.266600000000000392e+00,5.318500000000000227e+00,5.225900000000000212e+00
5.347100000000000186e+00,5.370899999999999785e+00,5.270999999999999908e+00
5.267100000000000115e+00,5.351200000000000401e+00,5.259900000000000020e+00
5.312899999999999956e+00,5.350200000000000067e+00,5.277000000000000135e+00
5.240000000000000213e+00,5.343700000000000117e+00,5.237700000000000244e+00
5.251000000000000334e+00,5.317999999999999616e+00,5.243999999999999773e+00
5.248000000000000220e+00,5.298799999999999955e+00,5.222999999999999865e+00
5.271399999999999864e+00,5.282899999999999707e+00,5.201299999999999812e+00
5.204900000000000304e+00,5.277400000000000091e+00,5.199900000000000411e+00
5.210700000000000109e+00,5.258899999999999686e+00,5.176899999999999835e+00
5.212399999999999700e+00,5.232099999999999973e+00,5.082799999999999763e+00
5.145900000000000141e+00,5.194099999999999717e+00,5.102699999999999569e+00
5.153200000000000003e+00,5.156799999999999606e+00,5.070899999999999963e+00
5.072600000000000442e+00,5.101200000000000401e+00,5.002399999999999736e+00
5.042900000000000382e+00,5.131000000000000227e+00,4.990700000000000358e+00
5.124699999999999811e+00,5.170700000000000074e+00,5.091099999999999959e+00
5.094699999999999562e+00,5.119399999999999729e+00,5.055399999999999672e+00
5.097900000000000098e+00,5.115599999999999703e+00,5.048199999999999577e+00
5.095799999999999663e+00,5.154099999999999682e+00,5.040399999999999991e+00
5.142199999999999882e+00,5.153599999999999959e+00,5.025900000000000034e+00
5.025900000000000034e+00,5.122799999999999798e+00,5.024499999999999744e+00
5.111200000000000188e+00,5.114600000000000257e+00,5.052599999999999980e+00
5.107199999999999740e+00,5.107499999999999929e+00,5.040499999999999758e+00
5.040600000000000414e+00,5.043700000000000294e+00,4.950800000000000090e+00
4.968799999999999883e+00,5.054199999999999804e+00,4.964100000000000179e+00
5.029099999999999682e+00,5.063100000000000378e+00,4.951200000000000045e+00
4.954500000000000348e+00,5.028299999999999770e+00,4.952099999999999724e+00
5.013499999999999623e+00,5.047100000000000364e+00,4.985299999999999621e+00
4.984799999999999898e+00,5.051000000000000156e+00,4.977699999999999569e+00
5.012599999999999945e+00,5.043099999999999916e+00,4.975200000000000067e+00
4.970900000000000318e+00,5.028100000000000236e+00,4.958400000000000141e+00
4.961100000000000065e+00,5.026500000000000412e+00,4.955300000000000260e+00
5.000200000000000422e+00,5.098300000000000054e+00,4.987300000000000288e+00
5.072400000000000020e+00,5.140500000000000291e+00,5.057199999999999918e+00
5.088700000000000223e+00,5.165899999999999714e+00,5.088700000000000223e+00
5.091300000000000381e+00,5.141700000000000159e+00,5.065199999999999925e+00
5.056300000000000239e+00,5.206199999999999939e+00,5.055799999999999628e+00
5.206299999999999706e+00,5.228399999999999714e+00,5.131599999999999717e+00
5.129599999999999937e+00,5.215099999999999625e+00,5.123700000000000365e+00
5.191600000000000215e+00,5.255300000000000082e+00,5.178799999999999848e+00
5.242200000000000415e+00,5.268799999999999706e+00,5.199499999999999567e+00
5.264599999999999724e+00,5.281799999999999606e+00,5.208899999999999864e+00
5.227299999999999613e+00,5.278599999999999959e+00,5.221700000000000230e+00
5.232999999999999652e+00,5.274600000000000399e+00,5.185500000000000220e+00
5.190500000000000114e+00,5.251599999999999824e+00,5.184099999999999930e+00
5.248800000000000132e+00,5.348499999999999588e+00,5.227500000000000036e+00
5.333800000000000097e+00,5.341499999999999915e+00,5.262299999999999756e+00
5.299900000000000055e+00,5.336999999999999744e+00,5.235800000000000232e+00
5.325099999999999945e+00,5.414399999999999658e+00,5.323100000000000165e+00
5.367600000000000371e+00,5.415700000000000180e+00,5.358799999999999564e+00
5.398900000000000254e+00,5.418599999999999639e+00,5.312199999999999811e+00
5.347699999999999676e+00,5.355100000000000193e+00,5.290399999999999991e+00
5.308399999999999785e+00,5.388300000000000090e+00,5.302500000000000213e+00
5.373800000000000132e+00,5.406600000000000072e+00,5.307400000000000340e+00
5.362400000000000055e+00,5.376599999999999824e+00,5.275999999999999801e+00
5.326113000000000319e+00,5.391333999999999627e+00,5.312265000000000015e+00
5.393174000000000134e+00,5.409619000000000177e+00,5.355480000000000018e+00
5.399074999999999847e+00,5.409829000000000221e+00,5.301537999999999862e+00
5.348671000000000397e+00,5.350967999999999947e+00,5.267110999999999876e+00
5.281070999999999849e+00,5.300106000000000428e+00,5.244131999999999572e+00
5.255330999999999975e+00,5.319117999999999569e+00,5.237491000000000341e+00
5.286134999999999806e+00,5.295056999999999903e+00,5.249983000000000288e+00
5.246952000000000282e+00,5.345493000000000272e+00,5.242815000000000225e+00
5.302700999999999887e+00,5.340621999999999758e+00,5.275323000000000206e+00
5.291809999999999903e+00,5.341249000000000358e+00,5.276977999999999724e+00
5.320402999999999771e+00,5.345775999999999861e+00,5.262124000000000024e+00
5.340806999999999860e+00,5.375644999999999563e+00,5.284904000000000046e+00
5.353704999999999714e+00,5.377048000000000272e+00,5.266450999999999993e+00
5.261883000000000088e+00,5.280730000000000146e+00,5.234957999999999778e+00
5.241407999999999845e+00,5.287003999999999593e+00,5.219725999999999644e+00
5.263060000000000294e+00,5.265213000000000143e+00,5.228610999999999898e+00
5.233802999999999983e+00,5.299055000000000071e+00,5.207397000000000276e+00
5.250750000000000028e+00,5.272031000000000134e+00,5.209147999999999890e+00
5.263352000000000253e+00,5.313437000000000410e+00,5.230876000000000303e+00
5.298045000000000115e+00,5.303692999999999991e+00,5.168262000000000356e+00
5.196776999999999980e+00,5.228368999999999822e+00,5.135334000000000287e+00
5.036321000000000048e+00,5.135194000000000258e+00,4.957931000000000310e+00
5.054319999999999702e+00,5.070803999999999867e+00,4.801251999999999853e+00
4.902553000000000161e+00,5.068420999999999843e+00,4.853139999999999787e+00
5.047443999999999598e+00,5.081891999999999854e+00,4.932769999999999655e+00
4.971494999999999997e+00,5.046279000000000181e+00,4.964539000000000257e+00
5.034889999999999866e+00,5.078788000000000302e+00,4.957628999999999841e+00
5.033142999999999923e+00,5.039681999999999995e+00,4.938257000000000119e+00
5.012312999999999796e+00,5.095352000000000103e+00,4.970271999999999579e+00
4.985153999999999641e+00,5.080115000000000158e+00,4.921591000000000271e+00
5.074455999999999634e+00,5.086937999999999960e+00,4.999605999999999995e+00
5.031613000000000113e+00,5.113150000000000084e+00,4.997770000000000046e+00
5.089050000000000296e+00,5.211217999999999684e+00,5.060417000000000165e+00
5.165594999999999715e+00,5.284793999999999770e+00,5.157225999999999644e+00
5.264903999999999584e+00,5.286184000000000438e+00,5.164013999999999882e+00
5.190256999999999898e+00,5.239602999999999788e+00,5.156156000000000184e+00
5.185846999999999873e+00,5.230775999999999648e+00,5.135145999999999766e+00
5.166388000000000424e+00,5.209935999999999900e+00,5.118300999999999767e+00
5.208979000000000248e+00,5.208979000000000248e+00,5.109922000000000075e+00
5.104008000000000322e+00,5.176375000000000171e+00,5.098514999999999908e+00
5.139121000000000272e+00,5.233855000000000146e+00,5.108857999999999677e+00
5.224765999999999799e+00,5.243574999999999875e+00,5.171616000000000213e+00
5.202183999999999919e+00,5.241242999999999874e+00,5.166719999999999757e+00
5.201016000000000084e+00,5.258526999999999951e+00,5.168504000000000431e+00
5.233888999999999569e+00,5.257254999999999789e+00,5.199703000000000408e+00
5.242684999999999818e+00,5.255030999999999786e+00,5.206692999999999572e+00
5.236443000000000403e+00,5.250268000000000157e+00,5.185054000000000052e+00
5.228638000000000119e+00,5.229635000000000034e+00,5.141742999999999952e+00
5.180817000000000228e+00,5.186383000000000187e+00,5.095017999999999603e+00
5.119411999999999630e+00,5.128544999999999909e+00,5.040264999999999773e+00
5.091849999999999987e+00,5.107368000000000130e+00,5.040563999999999822e+00
5.099677999999999933e+00,5.144855999999999874e+00,5.078090000000000437e+00
5.096486999999999767e+00,5.142712999999999646e+00,5.058767999999999709e+00
5.076704999999999579e+00,5.089203000000000365e+00,5.031511000000000067e+00
5.084423000000000137e+00,5.091937999999999853e+00,5.001966000000000356e+00
5.002585999999999977e+00,5.092324999999999768e+00,5.002585999999999977e+00
5.062470000000000248e+00,5.116748000000000296e+00,5.003911000000000442e+00
5.022191000000000294e+00,5.035181999999999825e+00,4.986900000000000333e+00
5.004362999999999673e+00,5.067774000000000001e+00,4.997296000000000404e+00
5.056219999999999715e+00,5.104246999999999979e+00,5.008149000000000406e+00
5.104231000000000407e+00,5.142649999999999721e+00,5.063644000000000034e+00
5.090753999999999557e+00,5.145354000000000205e+00,5.089084999999999859e+00
5.082174000000000191e+00,5.093924999999999592e+00,5.051028999999999769e+00
5.052221000000000295e+00,5.138651000000000302e+00,5.045296999999999699e+00
5.111536000000000080e+00,5.114800999999999931e+00,5.040664999999999729e+00
5.074747000000000341e+00,5.116874000000000144e+00,5.037056999999999896e+00
5.049795999999999729e+00,5.122314000000000256e+00,5.041800000000000281e+00
5.052242999999999817e+00,5.097341000000000122e+00,5.005279999999999951e+00
5.023971999999999660e+00,5.065116999999999869e+00,5.004095999999999655e+00
5.063813999999999815e+00,5.093651000000000373e+00,5.021573000000000064e+00
5.084554999999999936e+00,5.119791000000000203e+00,5.035629000000000133e+00
5.103856000000000392e+00,5.171399000000000079e+00,5.079284999999999606e+00
5.071714000000000055e+00,5.134112000000000009e+00,5.068052999999999919e+00
5.107776000000000316e+00,5.214910999999999852e+00,5.107776000000000316e+00
5.155211999999999684e+00,5.246967999999999854e+00,5.150197999999999610e+00
5.172037999999999691e+00,5.208497000000000376e+00,5.136771999999999672e+00
5.150805000000000078e+00,5.233475000000000321e+00,5.150805000000000078e+00
5.223474000000000395e+00,5.223474000000000395e+00,5.147855999999999987e+00
5.178562000000000332e+00,5.223943000000000225e+00,5.155825000000000102e+00
5.211434999999999818e+00,5.211712999999999596e+00,5.129901000000000266e+00
5.155302999999999969e+00,5.266702999999999690e+00,5.155302999999999969e+00
5.262209999999999610e+00,5.312486999999999959e+00,5.217844000000000371e+00
5.260741999999999585e+00,5.339127000000000400e+00,5.260741999999999585e+00
5.280051000000000272e+00,5.341699000000000197e+00,5.277012000000000036e+00
5.309281000000000361e+00,5.328618999999999772e+00,5.240401000000000309e+00
5.246396999999999977e+00,5.307379000000000069e+00,5.231582000000000399e+00
5.244108999999999909e+00,5.295804000000000400e+00,5.244108999999999909e+00
5.236957999999999558e+00,5.271471000000000018e+00,5.168118999999999907e+00
5.159876999999999825e+00,5.272783999999999693e+00,5.159876999999999825e+00
5.235182000000000002e+00,5.245739999999999625e+00,5.180075999999999681e+00
5.195916000000000423e+00,5.242073000000000427e+00,5.119918000000000191e+00
5.157085999999999615e+00,5.194631000000000220e+00,5.097217999999999805e+00
5.087767000000000372e+00,5.151483999999999952e+00,5.031005999999999645e+00
5.104364999999999597e+00,5.192859999999999587e+00,5.104364999999999597e+00
5.158255999999999730e+00,5.181312000000000140e+00,5.121484999999999843e+00
5.127965999999999802e+00,5.177209999999999646e+00,5.126578000000000301e+00
5.116234999999999644e+00,5.159653999999999741e+00,5.001027999999999807e+00
5.080515000000000114e+00,5.137453999999999965e+00,5.068125000000000213e+00
5.086837000000000053e+00,5.153888000000000247e+00,5.077309999999999768e+00
5.113069999999999560e+00,5.149911000000000350e+00,5.059571000000000041e+00
5.067326000000000441e+00,5.102127000000000301e+00,5.038648000000000238e+00
5.046518999999999977e+00,5.107084999999999653e+00,4.998002999999999751e+00
5.084947999999999801e+00,5.115535999999999639e+00,5.056674000000000113e+00
5.088835999999999693e+00,5.162112999999999730e+00,5.088835999999999693e+00
5.142007999999999690e+00,5.206434999999999924e+00,5.132914999999999672e+00
5.175976000000000354e+00,5.199010999999999605e+00,5.139479999999999826e+00
5.141365000000000407e+00,5.178136000000000294e+00,5.108367999999999576e+00
5.169564000000000270e+00,5.170593000000000217e+00,5.096163999999999916e+00
5.091135999999999662e+00,5.145402999999999949e+00,5.057826000000000377e+00
5.075090000000000323e+00,5.098854000000000219e+00,5.009240000000000137e+00
5.016967000000000176e+00,5.046014000000000443e+00,4.972742000000000218e+00
5.026205000000000034e+00,5.026205000000000034e+00,4.925951000000000413e+00
4.941679999999999851e+00,5.031545000000000378e+00,4.941679999999999851e+00
5.008594999999999686e+00,5.008594999999999686e+00,4.912641999999999953e+00
4.937565000000000204e+00,4.972909999999999719e+00,4.894447000000000436e+00
4.940578000000000358e+00,5.023946999999999719e+00,4.930361999999999689e+00
4.983278000000000318e+00,5.036402999999999963e+00,4.956010000000000026e+00
4.988462000000000174e+00,5.096867999999999732e+00,4.985324000000000311e+00
5.060775999999999719e+00,5.084158999999999651e+00,5.029562000000000310e+00
5.015517000000000003e+00,5.030377999999999794e+00,4.947764000000000273e+00
4.955417999999999878e+00,5.018740000000000201e+00,4.955417999999999878e+00
4.988698000000000299e+00,5.017223000000000432e+00,4.963508000000000031e+00
4.979554000000000258e+00,4.998002999999999751e+00,4.946551000000000364e+00
4.946182000000000301e+00,4.972330999999999612e+00,4.897901000000000060e+00
4.979408000000000278e+00,5.008905999999999636e+00,4.927527000000000434e+00
4.999239000000000210e+00,4.999239000000000210e+00,4.862262000000000306e+00
4.963906999999999847e+00,5.044164000000000314e+00,4.927819000000000393e+00
5.049625999999999948e+00,5.087626000000000204e+00,5.000791000000000430e+00
5.093022999999999634e+00,5.099174999999999791e+00,5.029058000000000028e+00
5.047153999999999918e+00,5.121691000000000216e+00,5.020067000000000057e+00
5.014815999999999718e+00,5.076027999999999984e+00,5.000327999999999662e+00
5.043898999999999688e+00,5.167360000000000397e+00,5.019813000000000081e+00
5.045221999999999873e+00,5.194270999999999638e+00,5.045221999999999873e+00
5.138171999999999962e+00,5.203667000000000264e+00,5.102908000000000222e+00
5.123365999999999865e+00,5.250113999999999947e+00,5.123365999999999865e+00
5.212301000000000073e+00,5.280532000000000004e+00,5.195102000000000331e+00
5.210436999999999763e+00,5.279434000000000182e+00,5.146851999999999983e+00
5.246419000000000388e+00,5.300252000000000407e+00,5.219406000000000212e+00
5.284699999999999953e+00,5.330729999999999968e+00,5.224453999999999709e+00
5.249817000000000178e+00,5.250283999999999729e+00,5.111508999999999858e+00
5.121826999999999686e+00,5.181973000000000162e+00,5.121197000000000443e+00
5.142623999999999640e+00,5.219489000000000267e+00,5.137082999999999622e+00
5.160162999999999833e+00,5.207162000000000290e+00,5.122772000000000325e+00
5.133549999999999613e+00,5.190517999999999965e+00,5.110744000000000398e+00
5.182083999999999691e+00,5.259165000000000312e+00,5.163384999999999891e+00
5.223104000000000191e+00,5.263938999999999702e+00,5.206862000000000101e+00
5.238132000000000232e+00,5.283994999999999997e+00,5.192886999999999809e+00
5.204072000000000031e+00,5.285934000000000133e+00,5.203992000000000395e+00
5.252145999999999759e+00,5.278919000000000139e+00,5.204123000000000054e+00
5.212746000000000102e+00,5.311185000000000045e+00,5.212746000000000102e+00
5.249873000000000012e+00,5.320280999999999594e+00,5.183811000000000391e+00
5.259943999999999953e+00,5.323188000000000031e+00,5.224692000000000114e+00
5.269783999999999580e+00,5.339789999999999814e+00,5.248892999999999809e+00
5.245377999999999652e+00,5.288516999999999690e+00,5.163907000000000025e+00
5.299798000000000009e+00,5.299798000000000009e+00,5.104853999999999559e+00
5.149849999999999817e+00,5.261090000000000266e+00,5.123025000000000162e+00
5.163992000000000360e+00,5.225495999999999697e+00,5.141666999999999987e+00
5.169824000000000197e+00,5.302757999999999861e+00,5.169824000000000197e+00
5.299055000000000071e+00,5.357287999999999606e+00,5.255810000000000315e+00
5.329163999999999568e+00,5.378205999999999598e+00,5.257578999999999780e+00
5.320143999999999984e+00,5.408093000000000039e+00,5.300824999999999676e+00
5.367320000000000313e+00,5.370924999999999727e+00,5.262393000000000320e+00
5.293861999999999846e+00,5.367764000000000202e+00,5.293861999999999846e+00
5.339160999999999824e+00,5.360725000000000406e+00,5.186473000000000333e+00
5.213299000000000127e+00,5.213299000000000127e+00,5.066448000000000285e+00
5.076344999999999885e+00,5.156729000000000340e+00,5.054719000000000406e+00
5.090810000000000279e+00,5.144410999999999845e+00,5.072420000000000151e+00
5.096960000000000157e+00,5.163082000000000171e+00,5.074751000000000012e+00
5.094508000000000258e+00,5.101975000000000371e+00,5.017692000000000263e+00
5.079902999999999835e+00,5.079902999999999835e+00,4.979395000000000238e+00
4.975571999999999662e+00,5.065831000000000195e+00,4.975571999999999662e+00
5.049572000000000394e+00,5.092985999999999791e+00,5.030035999999999952e+00
5.055616999999999805e+00,5.072212999999999639e+00,4.989353000000000371e+00
5.050777000000000072e+00,5.094882000000000133e+00,5.007747000000000170e+00
5.060302000000000078e+00,5.124673999999999729e+00,5.039524000000000115e+00
5.093844999999999956e+00,5.111371000000000109e+00,5.043459999999999610e+00
5.104618000000000322e+00,5.122378999999999571e+00,5.029365000000000308e+00
